Abbeville,LA
Aberdeen,MD
Aberdeen,MS
Aberdeen,SD
Aberdeen,WA
Abilene,TX
Abilene,KS
Abingdon,VA
Abington,MA
Abington,MA
Absecon,NJ
Accokeek,MD
Acton,MA
Acushnet,MA
Acworth,GA
Ada,OK
Adams,MA
Addison,IL
Addison,TX
Adelanto,CA
Adelphi,MD
Adrian,MI
Affton,MO
Agawam,MA
Agoura Hills,CA
Ahuimanu,HI
Aiea,HI
Aiken,SC
Air Force Academy,CO
Airmont,NY
Akron,OH
Alabaster,AL
Alachua,FL
Alameda,CA
Alamo,CA
Alamo,TX
Alamo Heights,TX
Alamogordo,NM
Alamosa,CO
Albany,GA
Albany,CA
Albany,NY
Albany,OR
Albemarle,NC
Albert Lea,MN
Albertville,AL
Albion,MI
Albion,NY
Albion,NY
Albuquerque,NM
Alcoa,TN
Alden,NY
Alderwood Manor,WA
Aldine,TX
Alexander City,AL
Alexandria,IN
Alexandria,MN
Alexandria,KY
Alexandria,LA
Alexandria,VA
Algonquin,IL
Alhambra,CA
Alice,TX
Aliquippa,PA
Aliso Viejo,CA
Allegany,NY
Allen,TX
Allen Park,MI
Allendale,MI
Allendale,NJ
Allentown,PA
Alliance,OH
Alliance,NE
Allouez,WI
Alma,MI
Aloha,OR
Alondra Park,CA
Alpena,MI
Alpharetta,GA
Alpine,CA
Alpine,UT
Alsip,IL
Alta Sierra,CA
Altadena,CA
Altamont,OR
Altamont,NY
Altamonte Springs,FL
Alton,IL
Altoona,IA
Altoona,PA
Altoona,WI
Altus,OK
Alum Rock,CA
Alvin,TX
Amarillo,TX
Ambler,PA
Ambridge,PA
American Canyon,CA
American Fork,UT
Americus,GA
Ames,IA
Amesbury,MA
Amesbury,MA
Amherst,NH
Amherst,MA
Amherst,OH
Amherst,NY
Amherst Center,MA
Amityville,NY
Ammon,ID
Amory,MS
Amsterdam,NY
Anaconda-Deer Lodge County,MT
Anacortes,WA
Anadarko,OK
Anaheim,CA
Anchorage,AK
Andalusia,AL
Anderson,CA
Anderson,IN
Anderson,SC
Anderson Mill,TX
Andover,FL
Andover,MN
Andover,MA
Andover,KS
Andover,MA
Andrews,TX
Andrews AFB,MD
Angleton,TX
Angola,IN
Ankeny,IA
Ann Arbor,MI
Annandale,VA
Annapolis,MD
Anniston,AL
Anoka,MN
Ansonia,CT
Ansonia,CT
Anthony,NM
Antigo,WI
Antioch,IL
Antioch,CA
Apache Junction,AZ
Apex,NC
Apollo Beach,FL
Apopka,FL
Apple Valley,CA
Apple Valley,MN
Appleton,WI
Applewood,CO
Aptos,CA
Aquia Harbour,VA
Arab,AL
Arabi,LA
Aransas Pass,TX
Arbutus,MD
Arcadia,CA
Arcadia,FL
Arcadia,NY
Arcata,CA
Archbald,PA
Archdale,NC
Arden Hills,MN
Arden-Arcade,CA
Ardmore,OK
Ardmore,PA
Arkadelphia,AR
AR City,KS
Arlington,MA
Arlington,MA
Arlington,TX
Arlington,NY
Arlington,VA
Arlington,WA
Arlington Heights,IL
Arnold,MO
Arnold,MD
Arroyo Grande,CA
Artesia,CA
Artesia,NM
Artondale,WA
Arvada,CO
Arvin,CA
Asbury Park,NJ
Asheboro,NC
Asheville,NC
Ashland,OR
Ashland,OH
Ashland,VA
Ashland,WI
Ashland,NJ
Ashland,MA
Ashland,KY
Ashland,CA
Ashtabula,OH
Ashwaubenon,WI
Aspen Hill,MD
Astoria,OR
Atascadero,CA
Atascocita,TX
Atchison,KS
Athens,AL
Athens,TX
Athens,TN
Athens,OH
Athens-Clarke County,GA
Atherton,CA
Athol,MA
Athol,MA
Atkinson,NH
Atlanta,GA
Atlantic,IA
Atlantic Beach,FL
Atlantic City,NJ
Atmore,AL
Attalla,AL
Attica,NY
Attleboro,MA
Atwater,CA
Auburn,CA
Auburn,AL
Auburn,GA
Auburn,IN
Auburn,MA
Auburn,ME
Auburn,NY
Auburn,WA
Auburn Hills,MI
Auburndale,FL
Audubon,NJ
Audubon,PA
August,CA
Augusta,ME
Augusta,KS
Augusta-Richmond County,GA
Aurora,IL
Aurora,CO
Aurora,MO
Aurora,NY
Aurora,OH
Austin,TX
Austin,MN
Austintown,OH
Avenal,CA
Avenel,NJ
Aventura,FL
Avocado Heights,CA
Avon,CT
Avon,IN
Avon,OH
Avon,NY
Avon Lake,OH
Avon Park,FL
Avondale,AZ
Ayer,MA
Azalea Park,FL
Azle,TX
Aztec,NM
Azusa,CA
Babylon,NY
Babylon,NY
Back Mountain,PA
Bacliff,TX
Bailey’s Crossroads,VA
Bainbridge,GA
Bainbridge Island,WA
Baker,LA
Baker City,OR
Bakersfield,CA
Balch Springs,TX
Baldwin,PA
Baldwin,NY
Baldwin Harbor,NY
Baldwin Park,CA
Baldwinsville,NY
Ballenger Creek,MD
Ballston,NY
Ballwin,MO
Baltimore,MD
Bangor,ME
Bangor Trident Base,WA
Banning,CA
Baraboo,WI
Barberton,OH
Barclay-Kingston,NJ
Bardstown,KY
Barnhart,MO
Barnstable Town,MA
Barre,VT
Barre,VT
Barrington,RI
Barrington,RI
Barrington,NJ
Barrington,NH
Barrington,IL
Barstow,CA
Bartlesville,OK
Bartlett,IL
Bartlett,TN
Barton,NY
Bartonville,IL
Bartow,FL
Bastrop,LA
Batavia,IL
Batavia,NY
Batesville,MS
Batesville,IN
Batesville,AR
Bath,ME
Bath,NY
Baton Rouge,LA
Battle Creek,MI
Battle Ground,WA
Bay City,TX
Bay City,MI
Bay Minette,AL
Bay Point,CA
Bay Shore,NY
Bay St. Louis,MS
Bay Village,OH
Bayonet Point,FL
Bayonne,NJ
Bayou Cane,LA
Bayport,NY
Bayshore Gardens,FL
Baytown,TX
Bayville,NY
Baywood,NY
Baywood-Los Osos,CA
Beach Park,IL
Beachwood,OH
Beachwood,NJ
Beacon,NY
Beacon Square,FL
Bear,DE
Beatrice,NE
Beaufort,SC
Beaumont,TX
Beaumont,CA
Beaver Dam,WI
Beaver Falls,PA
Beavercreek,OH
Beaverton,OR
Beckett Ridge,OH
Beckley,WV
Bedford,VA
Bedford,TX
Bedford,OH
Bedford,NY
Bedford,NH
Bedford,MA
Bedford,IN
Bedford Heights,OH
Bee Ridge,FL
Beech Grove,IN
Beecher,MI
Beekman,NY
Beeville,TX
Bel Air,MD
Bel Air North,MD
Bel Air South,MD
Belchertown,MA
Belen,NM
Belfast,ME
Bell,CA
Bell Gardens,CA
Bella Vista,AR
Bellair-Meadowbrook Terrace,FL
Bellaire,TX
Bellbrook,OH
Belle Chasse,LA
Belle Glade,FL
Belle Haven,VA
Bellefontaine,OH
Bellefontaine Neighbors,MO
Bellefonte,PA
Belleville,NJ
Belleville,IL
Bellevue,KY
Bellevue,NE
Bellevue,OH
Bellevue,PA
Bellevue,WI
Bellevue,WA
Bellevue Town,WI
Bellflower,CA
Bellingham,MA
Bellingham,WA
Bellmawr,NJ
Bellmead,TX
Bellmore,NY
Bellview,FL
Bellwood,IL
Belmar,NJ
Belmont,MA
Belmont,MA
Belmont,NH
Belmont,NC
Belmont,CA
Beloit,WI
Beloit,WI
Belpre,OH
Belton,MO
Belton,TX
Beltsville,MD
Belvedere Park,GA
Belvidere,IL
Bemidji,MN
Benbrook,TX
Bend,OR
Benicia,CA
Bennettsville,SC
Bennington,VT
Bennington,VT
Bennsville,MD
Bensenville,IL
Benton,IL
Benton,AR
Benton Harbor,MI
Bentonville,AR
Berea,KY
Berea,OH
Berea,SC
Bergenfield,NJ
Berkeley,MO
Berkeley,CA
Berkeley Heights,NJ
Berkley,MI
Berkley,CO
Berlin,CT
Berlin,NJ
Berlin,NH
Bermuda Dunes,CA
Bernalillo,NM
Bernardsville,NJ
Berwick,ME
Berwick,PA
Berwyn,IL
Bessemer,AL
Bethalto,IL
Bethany,OK
Bethel,CT
Bethel,CT
Bethel Park,PA
Bethesda,MD
Bethlehem,NY
Bethlehem,PA
Bethpage,NY
Bettendorf,IA
Beverly,MA
Beverly Hills,MI
Beverly Hills,FL
Beverly Hills,CA
Bexley,OH
Biddeford,ME
Big Flats,NY
Big Lake,MN
Big Rapids,MI
Big Spring,TX
Billerica,MA
Billings,MT
Biloxi,MS
Binghamton,NY
Birmingham,MI
Birmingham,AL
Bisbee,AZ
Bismarck,ND
Bixby,OK
Black Forest,CO
Black Jack,MO
Black Mountain,NC
Blackfoot,ID
Blackhawk-Camino Tassajara,CA
Blacklick Estates,OH
Blacksburg,VA
Blackstone,MA
Blackwell,OK
Bladensburg,MD
Blaine,MN
Blair,NE
Blakely,PA
Bloomfield,NJ
Bloomfield,NM
Bloomfield,CT
Bloomfield Township,MI
Blooming Grove,NY
Bloomingdale,NJ
Bloomingdale,FL
Bloomingdale,IL
Bloomingdale,TN
Bloomington,IL
Bloomington,IN
Bloomington,CA
Bloomington,MN
Bloomsburg,PA
Blue Ash,OH
Blue Bell,PA
Blue Island,IL
Blue Springs,MO
Bluefield,WV
Bluffton,IN
Blythe,CA
Blytheville,AR
Boardman,OH
Boaz,AL
Boca Del Mar,FL
Boca Raton,FL
Boerne,TX
Bogalusa,LA
Bogota,NJ
Bohemia,NY
Boise City,ID
Bolingbrook,IL
Bolivar,MO
Bon Air,VA
Bonadelle Ranchos-Madera Ranchos,CA
Bonham,TX
Bonita,CA
Bonita Springs,FL
Bonner Springs,KS
Bonney Lake,WA
Boone,IA
Boone,NC
Booneville,MS
Boonton,NJ
Boonville,MO
Boonville,IN
Borger,TX
Bossier City,LA
Boston,MA
Boston,NY
Bostonia,CA
Bothell,WA
Boulder,CO
Boulder City,NV
Boulder Hill,IL
Bound Brook,NJ
Bountiful,UT
Bourbonnais,IL
Bourne,MA
Bow,NH
Bowie,MD
Bowleys Quarters,MD
Bowling Green,KY
Bowling Green,OH
Boxford,MA
Boyes Hot Springs,CA
Boynton Beach,FL
Bozeman,MT
Bradenton,FL
Bradford,PA
Bradley,IL
Brainerd,MN
Braintree,MA
Braintree,MA
Brandon,MS
Brandon,FL
Branford,CT
Branson,MO
Brattleboro,VT
Brattleboro,VT
Brawley,CA
Brazil,IN
Brea,CA
Breaux Bridge,LA
Brecksville,OH
Bremerton,WA
Brenham,TX
Brent,FL
Brentwood,CA
Brentwood,NY
Brentwood,MO
Brentwood,PA
Brentwood,TN
Brevard,NC
Brewer,ME
Brewster,MA
Briarcliff Manor,NY
Bridge City,LA
Bridge City,TX
Bridgeport,WV
Bridgeport,CT
Bridgeport,CT
Bridgeport,MI
Bridgeton,MO
Bridgeton,NJ
Bridgetown North,OH
Bridgeview,IL
Bridgewater,MA
Bridgewater,MA
Brier,WA
Brigantine,NJ
Brigham City,UT
Brighton,MI
Brighton,NY
Brighton,NY
Brighton,CO
Bristol,CT
Bristol,CT
Bristol,RI
Bristol,TN
Bristol,RI
Bristol,VA
Bristol,PA
Broadview,IL
Broadview Heights,OH
Broadview Park,FL
Brockport,NY
Brockton,MA
Broken Arrow,OK
Bronxville,NY
Brook Park,OH
Brookfield,CT
Brookfield,IL
Brookfield,WI
Brookfield,WI
Brookhaven,PA
Brookhaven,NY
Brookhaven,MS
Brookings,SD
Brookline,MA
Brookline,MA
Brooklyn,OH
Brooklyn,CT
Brooklyn Center,MN
Brooklyn Park,MN
Brooklyn Park,MD
Brookside,DE
Brooksville,FL
Broomall,PA
Broomfield,CO
Brown Deer,WI
Brownfield,TX
Browns Mills,NJ
Brownsburg,IN
Brownsville,FL
Brownsville,TX
Brownsville,TN
Brownsville-Bawcomville,LA
Brownwood,TX
Brunswick,ME
Brunswick,ME
Brunswick,GA
Brunswick,OH
Brunswick,NY
Brushy Creek,TX
Bryan,TX
Bryan,OH
Bryant,AR
Bryn Mawr-Skyway,WA
Buckeye,AZ
Bucyrus,OH
Budd Lake,NJ
Buechel,KY
Buena Park,CA
Buena Vista,MI
Buena Vista,VA
Buffalo,MN
Buffalo,NY
Buffalo Grove,IL
Buford,GA
Bull Run,VA
Bullhead City,AZ
Burbank,CA
Burbank,IL
Burien,WA
Burkburnett,TX
Burke,VA
Burleson,TX
Burley,ID
Burlingame,CA
Burlington,CT
Burlington,KY
Burlington,IA
Burlington,NC
Burlington,MA
Burlington,MA
Burlington,NJ
Burlington,VT
Burlington,WA
Burlington,WI
Burlington,WI
Burnsville,MN
Burr Ridge,IL
Burrillville,RI
Burton,SC
Burton,MI
Burtonsville,MD
Busti,NY
Butler,NJ
Butler,PA
Butte-Silver Bow,MT
Buxton,ME
Byram,MS

Cabot,AR
Cadillac,MI
Cahokia,IL
Cairo,GA
Cairo,NY
Calabasas,CA
Caldwell,NJ
Caldwell,ID
Caledonia,WI
Calexico,CA
Calhoun,GA
CA,MD
CA City,CA
Calimesa,CA
Calipatria,CA
Callaway,FL
Calumet City,IL
Calumet Park,IL
Calverton,MD
Camano,WA
Camarillo,CA
Camas,WA
Cambria,CA
Cambridge,MD
Cambridge,MA
Cambridge,OH
Camden,SC
Camden,NJ
Camden,AR
Cameron,MO
Cameron Park,CA
Camillus,NY
Camp Hill,PA
Camp Pendleton North,CA
Camp Pendleton South,CA
Camp Springs,MD
Camp Verde,AZ
Campbell,CA
Campbell,OH
Campbellsville,KY
Canandaigua,NY
Canandaigua,NY
Canby,OR
Candler-McAfee,GA
Canfield,OH
Canon City,CO
Canonsburg,PA
Canton,OH
Canton,GA
Canton,IL
Canton,CT
Canton,NY
Canton,MS
Canton,MA
Canton,MI
Canyon,TX
Canyon Lake,TX
Canyon Lake,CA
Canyon Rim,UT
Cape Canaveral,FL
Cape Coral,FL
Cape Elizabeth,ME
Cape Girardeau,MO
Cape St. Claire,MD
Capitola,CA
Carbondale,IL
Carbondale,PA
Carencro,LA
Caribou,ME
Carlisle,PA
Carlsbad,NM
Carlsbad,CA
Carmel,IN
Carmel,NY
Carmichael,CA
Carnegie,PA
Carney,MD
Carneys Point,NJ
Carnot-Moon,PA
Carol City,FL
Carol Stream,IL
Carpentersville,IL
Carpinteria,CA
Carrboro,NC
Carroll,IA
Carrollton,MI
Carrollton,GA
Carrollton,TX
Carson,CA
Carson City,NV
Carteret,NJ
Cartersville,GA
Carthage,MO
Carthage,TX
Caruthersville,MO
Carver,MA
Cary,IL
Cary,NC
Casa de Oro-Mount Helix,CA
Casa Grande,AZ
Casas Adobes,AZ
Cascade-Fairwood,WA
Casper,WY
Casselberry,FL
Castle Rock,CO
Castle Shannon,PA
Castlewood,CO
Castro Valley,CA
Castroville,CA
Catalina,AZ
Catalina Foothills,AZ
Catasauqua,PA
Cathedral City,CA
Catonsville,MD
Catskill,NY
Cave Spring,VA
Cayce,SC
Cazenovia,NY
Cedar City,UT
Cedar Falls,IA
Cedar Grove,NJ
Cedar Hill,TX
Cedar Hills,OR
Cedar Lake,IN
Cedar Mill,OR
Cedar Park,TX
Cedar Rapids,IA
Cedarburg,WI
Cedarhurst,NY
Cedartown,GA
Celina,OH
Center Line,MI
Center Moriches,NY
Center Point,AL
Centereach,NY
Centerville,OH
Centerville,UT
Central Falls,RI
Central Islip,NY
Central Manchester,CT
Central Point,OR
Centralia,WA
Centralia,IL
Centreville,VA
Century Village,FL
Ceres,CA
Cerritos,CA
Chalco,NE
Chalmette,LA
Chambersburg,PA
Chamblee,GA
Champaign,IL
Champlin,MN
Chandler,AZ
Chanhassen,MN
Channahon,IL
Channelview,TX
Chantilly,VA
Chanute,KS
Chaparral,NM
Chapel Hill,NC
Chappaqua,NY
Charles City,IA
Charleston,IL
Charleston,WV
Charleston,SC
Charlestown,RI
Charlotte,NC
Charlotte,MI
Charlottesville,VA
Charlton,MA
Charter Oak,CA
Chaska,MN
Chatham,MA
Chatham,NJ
Chatham,IL
Chattanooga,TN
Cheat Lake,WV
Cheektowaga,NY
Cheektowaga,NY
Chehalis,WA
Chelmsford,MA
Chelsea,MA
Chenango,NY
Cheney,WA
Cherry Hill Mall,NJ
Cherryland,CA
Chesapeake,VA
Chesapeake Ranch Estates-Drum Point,MD
Cheshire,CT
Chester,NY
Chester,VA
Chester,SC
Chester,PA
Chesterfield,MO
Chesterton,IN
Chestnut Ridge,NY
Cheval,FL
Cheverly,MD
Cheviot,OH
Chevy Chase,MD
Cheyenne,WY
Chicago,IL
Chicago Heights,IL
Chicago Ridge,IL
Chickasaw,AL
Chickasha,OK
Chico,CA
Chicopee,MA
Childress,TX
Chili,NY
Chillicothe,MO
Chillicothe,OH
Chillum,MD
Chino,CA
Chino Hills,CA
Chino Valley,AZ
Chippewa Falls,WI
Choctaw,OK
Chowchilla,CA
Christiansburg,VA
Chubbuck,ID
Chula Vista,CA
Cicero,IL
Cicero,NY
Cimarron Hills,CO
Cincinnati,OH
Cinco Ranch,TX
Circleville,OH
Citrus,CA
Citrus Heights,CA
Citrus Park,FL
Citrus Ridge,FL
City of The Dalles,OR
Claiborne,LA
Clairton,PA
Clanton,AL
Claremont,CA
Claremont,NH
Claremore,OK
Clarence,NY
Clarendon Hills,IL
Clarion,PA
Clark,NJ
ClARburg,WV
ClARdale,MS
ClARon,NY
ClARton,GA
ClARton,WA
ClARton Heights-Vineland,WA
ClARtown,NY
ClARville,IN
ClARville,AR
ClARville,TN
Claverack,NY
Clawson,MI
Clay,NY
Claymont,DE
Clayton,CA
Clayton,MO
Clayton,NJ
Clayton,OH
Clayton,NC
Clear Lake,IA
Clearfield,PA
Clearfield,UT
Clearlake,CA
Clearwater,FL
Cleburne,TX
Clemmons,NC
Clemson,SC
Clermont,FL
Cleveland,MS
Cleveland,TN
Cleveland,TX
Cleveland,OH
Cleveland Heights,OH
Clewiston,FL
Cliffside Park,NJ
Clifton,NJ
Clifton,CO
Clifton Heights,PA
Clifton Park,NY
Clinton,MS
Clinton,MO
Clinton,IA
Clinton,MD
Clinton,MI
Clinton,MA
Clinton,MA
Clinton,CT
Clinton,IL
Clinton,OK
Clinton,NC
Clinton,TN
Clinton,SC
Clinton,UT
Clive,IA
Cloquet,MN
Closter,NJ
Cloverdale,CA
Cloverleaf,TX
Cloverly,MD
Clovis,NM
Clovis,CA
Clute,TX
Clyde,OH
Coachella,CA
Coalinga,CA
Coatesville,PA
Cobleskill,NY
Cochituate,MA
Cockeysville,MD
Cocoa,FL
Cocoa Beach,FL
Coconut Creek,FL
Cody,WY
Coeur d’Alene,ID
Coeymans,NY
Coffeyville,KS
Cohasset,MA
Cohoes,NY
Colchester,VT
Colchester,CT
Coldwater,MI
Colesville,MD
College,AK
College Park,GA
College Park,MD
College Place,WA
College Station,TX
Collegedale,TN
Collegeville,PA
Colleyville,TX
Collier Manor-Cresthaven,FL
Collierville,TN
Collingdale,PA
Collingswood,NJ
Collins,NY
Collinsville,IL
Collinsville,VA
Colonia,NJ
Colonial Heights,VA
Colonial Heights,TN
Colonial Park,PA
Colonie,NY
Colonie,NY
CO Springs,CO
Colton,CA
Columbia,IL
Columbia,MO
Columbia,MS
Columbia,MD
Columbia,PA
Columbia,TN
Columbia,SC
Columbia City,IN
Columbia Heights,MN
Columbine,CO
Columbus,IN
Columbus,GA
Columbus,MS
Columbus,NE
Columbus,OH
Commack,NY
Commerce,TX
Commerce,CA
Commerce City,CO
Compton,CA
Comstock Park,MI
Concord,MA
Concord,MO
Concord,NH
Concord,NY
Concord,CA
Concord,NC
Congers,NY
Conley,GA
Conneaut,OH
Connellsville,PA
Connersville,IN
Conning Towers-Nautilus Park,CT
Conover,NC
Conroe,TX
Conshohocken,PA
Converse,TX
Conway,SC
Conway,FL
Conway,AR
Conway,NH
Conyers,GA
Cookeville,TN
Coolidge,AZ
Coon Rapids,MN
Cooper City,FL
Coos Bay,OR
Copiague,NY
Coppell,TX
Copperas Cove,TX
Coral Gables,FL
Coral Hills,MD
Coral Springs,FL
Coral Terrace,FL
Coralville,IA
Coram,NY
Coraopolis,PA
Corbin,KY
Corcoran,CA
Cordele,GA
Corinth,MS
Corinth,TX
Cornelius,OR
Cornelius,NC
Corning,NY
Corning,NY
Corning,CA
Cornwall,NY
Corona,CA
Coronado,CA
Corpus Christi,TX
Corrales,NM
Corry,PA
Corsicana,TX
Corte Madera,CA
Cortez,CO
Cortland,NY
Cortland,OH
Cortlandt,NY
Cortlandville,NY
Corvallis,OR
Coshocton,OH
Costa Mesa,CA
Cotati,CA
Coto de Caza,CA
Cottage Grove,MN
Cottage Grove,OR
Cottage Lake,WA
Cottonwood,AZ
Cottonwood Heights,UT
Cottonwood West,UT
Cottonwood-Verde Village,AZ
Council Bluffs,IA
Country Club,CA
Country Club,FL
Country Club Estates,GA
Country Club Hills,IL
Country Walk,FL
Covedale,OH
Coventry,RI
Coventry,CT
Covina,CA
Covington,GA
Covington,KY
Covington,LA
Covington,WA
Covington,VA
Covington,TN
Coweta,OK
Coxsackie,NY
Crafton,PA
Craig,CO
Cranford,NJ
Cranston,RI
Crawford,NY
Crawfordsville,IN
Cresskill,NJ
Crest Hill,IL
Crestline,CA
Creston,IA
Crestview,FL
Crestwood,IL
Crestwood,MO
Crestwood Village,NJ
Crete,NE
Crete,IL
Creve Coeur,MO
Crockett,TX
Crofton,MD
Cromwell,CT
Crookston,MN
Cross Lanes,WV
Crossett,AR
Crossville,TN
Croton-on-Hudson,NY
Crowley,TX
Crowley,LA
Crown Point,IN
Croydon,PA
Crystal,MN
Crystal City,TX
Crystal Lake,IL
Cudahy,CA
Cudahy,WI
Cuero,TX
Cullman,AL
Culpeper,VA
Culver City,CA
Cumberland,ME
Cumberland,MD
Cumberland,RI
Cumberland Hill,RI
Cupertino,CA
Cushing,OK
Cutler,FL
Cutler Ridge,FL
Cutlerville,MI
Cuyahoga Falls,OH
Cynthiana,KY
Cypress,CA
Cypress Gardens,FL
Cypress Lake,FL
D’Iberville,MS
Dade City,FL
Dale City,VA
Dalhart,TX
Dallas,TX
Dallas,OR
Dalton,MA
Dalton,GA
Daly City,CA
Damascus,MD
Dana Point,CA
Danbury,CT
Danbury,CT
Dania Beach,FL
Danvers,MA
Danvers,MA
Danville,CA
Danville,KY
Danville,IN
Danville,IL
Danville,VA
Daphne,AL
Darby,PA
Darby Township,PA
Darien,CT
Darien,CT
Darien,IL
Darlington,SC
Darnestown,MD
Dartmouth,MA
Davenport,IA
Davidson,NC
Davie,FL
Davis,CA
Dayton,OH
Dayton,NJ
Dayton,TN
Daytona Beach,FL
De Bary,FL
De Land,FL
De Pere,WI
De Ridder,LA
De Soto,MO
De Witt,NY
Dearborn,MI
Dearborn Heights,MI
Decatur,IN
Decatur,IL
Decatur,GA
Decatur,AL
Decorah,IA
Dedham,MA
Dedham,MA
Deer Park,NY
Deer Park,TX
Deerfield,IL
Deerfield Beach,FL
Deerpark,NY
Defiance,OH
DeForest,WI
DeKalb,IL
Del Aire,CA
Del City,OK
Del Rio,TX
Delafield,WI
Delafield,WI
Delano,CA
Delavan,WI
DE,OH
Delhi,CA
Delmar,NY
Delphos,OH
Delray Beach,FL
Delta,CO
Deltona,FL
Deming,NM
Demopolis,AL
Denham Springs,LA
Denison,IA
Denison,TX
Dennis,MA
Dent,OH
Denton,TX
Dentsville,SC
Denver,CO
Depew,NY
Derby,CO
Derby,CT
Derby,CT
Derby,KS
Derry,NH
Derry,NH
Des Moines,IA
Des Moines,WA
Des Peres,MO
Des Plaines,IL
Desert Hot Springs,CA
DeSoto,TX
Destin,FL
Destrehan,LA
Detroit,MI
Detroit Lakes,MN
Devils Lake,ND
Dewey-Humboldt,AZ
Dexter,MO
Diamond Bar,CA
Dickinson,ND
Dickinson,TX
Dickson,TN
Dickson City,PA
Dighton,MA
Dillon,SC
Dinuba,CA
Discovery Bay,CA
Dishman,WA
Dix Hills,NY
Dixon,CA
Dixon,IL
Dobbs Ferry,NY
Dock Junction,GA
Doctor Phillips,FL
Dodge City,KS
Dolton,IL
Donaldsonville,LA
Donna,TX
Doral,FL
Doraville,GA
Dormont,PA
Dothan,AL
Douglas,AZ
Douglas,GA
Douglas,MA
Douglasville,GA
Dover,DE
Dover,NH
Dover,NY
Dover,NJ
Dover,OH
Dowagiac,MI
Downers Grove,IL
Downey,CA
Downingtown,PA
Doylestown,PA
Dracut,MA
Draper,UT
Drexel Heights,AZ
Drexel Hill,PA
Druid Hills,GA
Dry Run,OH
Dryden,NY
Du Quoin,IL
Duarte,CA
Dublin,CA
Dublin,GA
Dublin,OH
DuBois,PA
Dubuque,IA
Dudley,MA
Duluth,MN
Duluth,GA
Dumas,TX
Dumbarton,VA
Dumont,NJ
Dunbar,WV
Duncan,OK
Duncanville,TX
Dundalk,MD
Dunedin,FL
Dunellen,NJ
Dunkirk,NY
Dunmore,PA
Dunn,NC
Dunn Loring,VA
Dunwoody,GA
Duquesne,PA
Durango,CO
Durant,OK
Durham,CT
Durham,NC
Durham,NH
Durham,NH
Duxbury,MA
Dyer,IN
Dyersburg,TN
Eagan,MN
Eagle,ID
Eagle Mountain,TX
Eagle Pass,TX
Earlimart,CA
Easley,SC
East Alton,IL
East Aurora,NY
East Bethel,MN
East Brainerd,TN
East Bridgewater,MA
East Brunswick,NJ
East Chicago,IN
East Cleveland,OH
East Compton,CA
East Falmouth,MA
East Fishkill,NY
East Foothills,CA
East Glenville,NY
East Grand Forks,MN
East Grand Rapids,MI
East Greenbush,NY
East Greenwich,RI
East Haddam,CT
East Hampton,CT
East Hampton,NY
East Hartford,CT
East Hartford,CT
East Haven,CT
East Haven,CT
East Hemet,CA
East Highland Park,VA
East Hill-Meridian,WA
East Hills,NY
East Islip,NY
East La Mirada,CA
East Lake,FL
East Lansing,MI
East Liverpool,OH
East Longmeadow,MA
East Los Angeles,CA
East Lyme,CT
East Massapequa,NY
East Meadow,NY
East Millcreek,UT
East Moline,IL
East Norriton,PA
East Northport,NY
East Orange,NJ
East Palo Alto,CA
East Pasadena,CA
East Patchogue,NY
East Peoria,IL
East Perrine,FL
East Point,GA
East Porterville,CA
East Providence,RI
East Renton Highlands,WA
East Ridge,TN
East Riverdale,MD
East Rochester,NY
East Rochester,NY
East Rockaway,NY
East Rutherford,NJ
East San Gabriel,CA
East St. Louis,IL
East Stroudsburg,PA
East Wenatchee Bench,WA
East Windsor,CT
East York,PA
Eastchester,NY
Eastchester,NY
Easthampton,MA
Eastlake,OH
Easton,PA
Easton,MD
Easton,MA
Easton,CT
Eastpointe,MI
Eastwood,MI
Eaton,OH
Eatonton,GA
Eatontown,NJ
Eau Claire,WI
Echelon,NJ
Economy,PA
Ecorse,MI
Eden,NY
Eden,NC
Eden Isle,LA
Eden Prairie,MN
Edgemere,MD
Edgewater,NJ
Edgewater,FL
Edgewood,KY
Edgewood,MD
Edgewood,WA
Edina,MN
Edinboro,PA
Edinburg,TX
Edison,NJ
Edmond,OK
Edmonds,WA
Edwards,CO
Edwardsville,IL
Effingham,IL
Eglin AFB,FL
Egypt Lake-Leto,FL
Eidson Road,TX
El Cajon,CA
El Campo,TX
El Centro,CA
El Cerrito,CA
El Dorado,AR
El Dorado,KS
El Dorado Hills,CA
El Mirage,AZ
El Monte,CA
El Paso,TX
El Paso de Robles,CA
El Reno,OK
El Rio,CA
El Segundo,CA
El Sobrante,CA
Elbridge,NY
Eldersburg,MD
Elfers,FL
Elgin,IL
Elizabeth,NJ
Elizabeth City,NC
Elizabethton,TN
Elizabethtown,PA
Elizabethtown,KY
Elk City,OK
Elk Grove,CA
Elk Grove Village,IL
Elk Plain,WA
Elk River,MN
Elkhart,IN
Elkhorn,NE
Elkhorn,WI
Elkins,WV
Elko,NV
Elkridge,MD
Elkton,MD
Ellensburg,WA
Ellicott,NY
Ellicott City,MD
Ellington,CT
Ellisville,MO
Ellsworth,ME
Ellwood City,PA
Elm Grove,WI
Elma,NY
Elmhurst,IL
Elmira,NY
Elmira,NY
Elmont,NY
Elmwood Park,NJ
Elmwood Park,IL
Elon College,NC
Eloy,AZ
Elsmere,KY
Elwood,IN
Elwood,NY
Elyria,OH
Emerson,NJ
Emeryville,CA
Emmaus,PA
Emporia,KS
Encinitas,CA
Endicott,NY
Endwell,NY
Enfield,CT
Englewood,CO
Englewood,FL
Englewood,NJ
Englewood,OH
Enid,OK
Ennis,TX
Ensley,FL
Enterprise,AL
Enterprise,NV
Enumclaw,WA
Ephrata,WA
Ephrata,PA
Erie,PA
Erie,CO
Erlanger,KY
Erlton-Ellisburg,NJ
Erwin,NY
Escanaba,MI
Escondido,CA
Esopus,NY
Espanola,NM
Essex,MD
Essex,CT
Essex,VT
Essex Junction,VT
Estelle,LA
Estero,FL
Estherville,IA
Euclid,OH
Eufaula,AL
Eugene,OR
Euless,TX
Eunice,LA
Eureka,CA
Eureka,MO
Eustis,FL
Evans,GA
Evans,CO
Evans,NY
Evanston,IL
Evanston,WY
Evansville,IN
Everett,MA
Everett,WA
Evergreen,MT
Evergreen,CO
Evergreen Park,IL
Ewa Beach,HI
Ewing,NJ
Excelsior Springs,MO
Exeter,NH
Exeter,NH
Exeter,CA
Exeter,RI
Fabens,TX
Fair Lawn,NJ
Fair Oaks,CA
Fair Oaks,GA
Fair Plain,MI
Fairbanks,AK
Fairborn,OH
Fairdale,KY
Fairfax,CA
Fairfax,VA
Fairfield,OH
Fairfield,NJ
Fairfield,CA
Fairfield,AL
Fairfield,CT
Fairfield,IA
Fairfield,ME
Fairhaven,MA
Fairhope,AL
Fairland,MD
Fairlawn,OH
Fairless Hills,PA
Fairmont,WV
Fairmont,MN
Fairmount,NY
Fairview,OR
Fairview,NJ
Fairview,CA
Fairview,GA
Fairview Heights,IL
Fairview Park,OH
Fairview Shores,FL
Fairwood,WA
Fall River,MA
Fallbrook,CA
Fallon,NV
Falls Church,VA
Fallsburg,NY
Fallston,MD
Falmouth,ME
Falmouth,MA
Fanwood,NJ
Fargo,ND
Faribault,MN
Farmers Branch,TX
Farmersville,CA
Farmingdale,NY
Farmington,NM
Farmington,NY
Farmington,UT
Farmington,MN
Farmington,MO
Farmington,ME
Farmington,MI
Farmington,CT
Farmington Hills,MI
Farmingville,NY
Farmville,VA
Farragut,TN
Farrell,PA
Fayetteville,NC
Fayetteville,TN
Fayetteville,AR
Fayetteville,GA
Feasterville-Trevose,PA
Federal Heights,CO
Federal Way,WA
Fenton,NY
Fenton,MI
Fergus Falls,MN
Ferguson,MO
Fern Creek,KY
Fern Park,FL
Fernandina Beach,FL
Ferndale,MD
Ferndale,MI
Ferndale,WA
Fernley,NV
Fernway,PA
Ferry Pass,FL
Festus,MO
Fillmore,CA
Findlay,OH
Finneytown,OH
Fishers,IN
Fishkill,NY
Fitchburg,WI
Fitchburg,MA
Fitzgerald,GA
Five Corners,WA
Five Forks,SC
Flagstaff,AZ
Flat Rock,MI
Flatwoods,KY
Flint,MI
Floral Park,NY
Florence,SC
Florence,OR
Florence,KY
Florence,AZ
Florence,AL
Florence-Graham,CA
Florence-Roebling,NJ
Florham Park,NJ
FL City,FL
FL Ridge,FL
Florin,CA
Florissant,MO
Flossmoor,IL
Flower Mound,TX
Flowing Wells,AZ
Flushing,MI
Folcroft,PA
Foley,AL
Folsom,CA
Folsom,PA
Fond du Lac,WI
Fontana,CA
Foothill Farms,CA
Foothill Ranch,CA
Fords,NJ
Forest,VA
Forest Acres,SC
Forest City,NC
Forest City,FL
Forest Glen,MD
Forest Grove,OR
Forest Hill,TX
Forest Hills,PA
Forest Hills,MI
Forest Lake,MN
Forest Park,IL
Forest Park,GA
Forest Park,OH
Forestdale,AL
Forestville,MD
Forestville,OH
Forrest City,AR
Fort Ann,NY
Fort Atkinson,WI
Fort Belvoir,VA
Fort Benning South,GA
Fort Bliss,TX
Fort Bragg,NC
Fort Bragg,CA
Fort Campbell North,KY
Fort Carson,CO
Fort Collins,CO
Fort Dix,NJ
Fort Dodge,IA
Fort Drum,NY
Fort Hood,TX
Fort Hunt,VA
Fort Knox,KY
Fort Lauderdale,FL
Fort Lee,NJ
Fort Lee,VA
Fort Leonard Wood,MO
Fort Lewis,WA
Fort Lupton,CO
Fort Madison,IA
Fort Meade,MD
Fort Mill,SC
Fort Mitchell,KY
Fort Morgan,CO
Fort Myers,FL
Fort Myers Beach,FL
Fort Oglethorpe,GA
Fort Payne,AL
Fort Pierce,FL
Fort Pierce North,FL
Fort Polk South,LA
Fort Riley North,KS
Fort Rucker,AL
Fort Salonga,NY
Fort Scott,KS
Fort Smith,AR
Fort Stewart,GA
Fort Stockton,TX
Fort Thomas,KY
Fort Valley,GA
Fort Walton Beach,FL
Fort WA,MD
Fort Wayne,IN
Fort Worth,TX
Fortuna,CA
Fortuna Foothills,AZ
Foster City,CA
Fostoria,OH
Fountain,CO
Fountain Hills,AZ
Fountain Inn,SC
Fountain Valley,CA
Fountainbleau,FL
Four Corners,OR
Fox Lake,IL
Fox Point,WI
Foxborough,MA
Framingham,MA
Framingham,MA
Franconia,VA
Frankfort,NY
Frankfort,IN
Frankfort,KY
Frankfort,IL
Frankfort Square,IL
Franklin,KY
Franklin,IN
Franklin,LA
Franklin,MA
Franklin,NH
Franklin,OH
Franklin,VA
Franklin,PA
Franklin,WI
Franklin,TN
Franklin Lakes,NJ
Franklin Park,IL
Franklin Park,PA
Franklin Square,NY
Fraser,MI
Frederick,MD
Fredericksburg,VA
Fredericksburg,TX
Fredonia,NY
Freehold,NJ
Freeport,ME
Freeport,IL
Freeport,NY
Freeport,TX
Freetown,MA
Fremont,CA
Fremont,OH
Fremont,NE
Fresno,TX
Fresno,CA
Fridley,MN
Friendly,MD
Friendswood,TX
Frisco,TX
Front Royal,VA
Frostburg,MD
Fruit Cove,FL
Fruita,CO
Fruitvale,CO
Fruitville,FL
Fullerton,CA
Fullerton,PA
Fulton,NY
Fulton,MO
Fultondale,AL
Fuquay-Varina,NC
Gadsden,AL
Gaffney,SC
Gages Lake,IL
Gahanna,OH
Gainesville,TX
Gainesville,GA
Gainesville,FL
Gaithersburg,MD
Galax,VA
Galena Park,TX
Galesburg,IL
Galion,OH
Gallatin,TN
Galliano,LA
Gallup,NM
Galt,CA
Galveston,TX
Gantt,SC
Garden Acres,CA
Garden City,GA
Garden City,KS
Garden City,ID
Garden City,MI
Garden City,SC
Garden City,NY
Garden City Park,NY
Garden Grove,CA
Garden Home-Whitford,OR
Gardena,CA
Gardendale,AL
Gardere,LA
Gardiner,ME
Gardner,KS
Gardner,MA
Gardnerville Ranchos,NV
Garfield,NJ
Garfield Heights,OH
Garland,TX
Garner,NC
Garrison,MD
Gary,IN
Gastonia,NC
Gates,NY
Gates-North Gates,NY
Gatesville,TX
Gautier,MS
Geddes,NY
Genesee,WI
Geneseo,NY
Geneseo,NY
Geneseo,IL
Geneva,IL
Geneva,NY
Geneva,OH
Georgetown,TX
Georgetown,SC
Georgetown,GA
Georgetown,MA
Georgetown,KY
Georgetown County,SC
Gering,NE
German Flatts,NY
Germantown,TN
Germantown,WI
Germantown,MD
Gettysburg,PA
Gibsonton,FL
Gifford,FL
Gig Harbor,WA
Gilbert,AZ
Gilford,NH
Gillette,WY
Gilroy,CA
Girard,OH
Gladeview,FL
Gladewater,TX
Gladstone,OR
Gladstone,MO
Glasgow,KY
Glasgow,DE
Glassboro,NJ
Glastonbury,CT
Glastonbury Center,CT
Glen Allen,VA
Glen Avon,CA
Glen Burnie,MD
Glen Carbon,IL
Glen Cove,NY
Glen Ellyn,IL
Glen Ridge,NJ
Glen Rock,NJ
Glenarden,MD
Glencoe,IL
Glendale,CA
Glendale,AZ
Glendale,WI
Glendale Heights,IL
Glendora,CA
Glenn Dale,MD
Glenn Heights,TX
Glenolden,PA
Glenpool,OK
Glens Falls,NY
Glens Falls North,NY
Glenside,PA
Glenvar Heights,FL
Glenview,IL
Glenville,NY
Glenwood,IL
Glenwood Springs,CO
Globe,AZ
Glocester,RI
Gloucester,MA
Gloucester City,NJ
Gloucester Point,VA
Gloversville,NY
Godfrey,IL
Goffstown,NH
Gold Camp,AZ
Gold River,CA
Golden,CO
Golden Gate,FL
Golden Glades,FL
Golden Hills,CA
Golden Lakes,FL
Golden Valley,MN
Goldenrod,FL
Goldsboro,NC
Goleta,CA
Gonzales,CA
Gonzales,LA
Gonzales,TX
Gonzalez,FL
Goodings Grove,IL
Goodlettsville,TN
Goodyear,AZ
Goose Creek,SC
Gorham,ME
Goshen,IN
Goshen,NY
Goulds,FL
Gouverneur,NY
Grafton,MA
Grafton,WI
Graham,WA
Graham,NC
Graham,TX
Granby,NY
Granby,CT
Granby,MA
Grand Blanc,MI
Grand Chute,WI
Grand Forks,ND
Grand Haven,MI
Grand Island,NE
Grand Island,NY
Grand Junction,CO
Grand Ledge,MI
Grand Prairie,TX
Grand Rapids,WI
Grand Rapids,MI
Grand Rapids,MN
Grand Terrace,CA
Grandview,MO
Grandview,WA
Grandview Heights,OH
Grandville,MI
Granger,IN
Granite Bay,CA
Granite City,IL
Grants,NM
Grants Pass,OR
Grantsville,UT
Granville,NY
Grapevine,TX
Grass Valley,CA
Gray,ME
Grayslake,IL
Great Barrington,MA
Great Bend,KS
Great Falls,MT
Great Falls,VA
Great Neck,NY
Great Neck Plaza,NY
Greater Carrollwood,FL
Greater Landover,MD
Greater Northdale,FL
Greater Sun Center,FL
Greater Upper Marlboro,MD
Greatwood,TX
Greece,NY
Greece,NY
Greeley,CO
Green,OH
Green,OR
Green Bay,WI
Green Haven,MD
Green Hill,TN
Green River,WY
Green Valley,MD
Green Valley,AZ
Greenacres,FL
Greenbelt,MD
Greenburgh,NY
Greencastle,IN
Greendale,WI
Greeneville,TN
Greenfield,WI
Greenfield,NY
Greenfield,IN
Greenfield,MA
Greenfield,MA
Greenfield,CA
Greenlawn,NY
Greensboro,NC
Greensburg,PA
Greensburg,IN
Greentree,NJ
Greenville,MS
Greenville,MI
Greenville,AL
Greenville,IL
Greenville,PA
Greenville,RI
Greenville,TX
Greenville,SC
Greenville,NC
Greenville,OH
Greenville,NY
Greenville,WI
Greenwich,CT
Greenwood,IN
Greenwood,MS
Greenwood,AR
Greenwood,SC
Greenwood Village,CO
Greer,SC
Grenada,MS
Gresham,OR
Gresham Park,GA
Gretna,LA
Griffin,GA
Griffith,IN
Grinnell,IA
Griswold,CT
Groesbeck,OH
Grosse Ile,MI
Grosse Pointe Farms,MI
Grosse Pointe Park,MI
Grosse Pointe Woods,MI
Groton,MA
Groton,CT
Groton,CT
Grove City,OH
Grove City,PA
Groveland,MA
Grover Beach,CA
Groves,TX
Groveton,VA
Grovetown,GA
Guilderland,NY
Guilford,CT
Gulf Gate Estates,FL
Gulfport,FL
Gulfport,MS
Gunbarrel,CO
Guntersville,AL
Gurnee,IL
Guthrie,OK
Guttenberg,NJ
Guymon,OK
Hacienda Heights,CA
Hackensack,NJ
Hackettstown,NJ
Haddam,CT
Haddon Heights,NJ
Haddonfield,NJ
Hagerstown,MD
Haiku-Pauwela,HI
Hailey,ID
Haines City,FL
Halawa,HI
Haledon,NJ
Hales Corners,WI
Half Moon,NC
Half Moon Bay,CA
Halfmoon,NY
Halfway,MD
Halifax,MA
Hallandale,FL
Haltom City,TX
Ham Lake,MN
Hamburg,NY
Hamburg,NY
Hamden,CT
Hamilton,AL
Hamilton,MA
Hamilton,OH
Hamlet,NC
Hamlin,NY
Hammond,LA
Hammond,IN
Hammonton,NJ
Hampden,ME
Hampstead,NH
Hampton,NH
Hampton,NH
Hampton,VA
Hampton Bays,NY
Hampton Township,PA
Hamptons at Boca Raton,FL
Hamtramck,MI
Hanahan,SC
Hanford,CA
Hannibal,MO
Hanover,NH
Hanover,NH
Hanover,MA
Hanover,PA
Hanover,NY
Hanover Park,IL
Hanson,MA
Hapeville,GA
Harahan,LA
Harker Heights,TX
Harleysville,PA
Harlingen,TX
Harper Woods,MI
Harriman,TN
Harrisburg,PA
Harrisburg,IL
Harrison,AR
Harrison,MI
Harrison,NJ
Harrison,NY
Harrison,OH
Harrison,NY
Harrison,TN
Harrison Township,PA
Harrisonburg,VA
Harrisonville,MO
Harrodsburg,KY
Hartford,CT
Hartford,CT
Hartford,WI
Hartford,VT
Hartford City,IN
Hartland,WI
Hartsdale,NY
Hartselle,AL
Hartsville,SC
Harvard,IL
Harvey,IL
Harvey,LA
Harwich,MA
Harwood Heights,IL
Hasbrouck Heights,NJ
Haslett,MI
Hastings,MI
Hastings,NE
Hastings,MN
Hastings,NY
Hastings-on-Hudson,NY
Hatboro,PA
Hattiesburg,MS
Hauppauge,NY
Havelock,NC
Haverhill,MA
Haverstraw,NY
Haverstraw,NY
Havre,MT
Havre de Grace,MD
HIan Gardens,CA
HIan Paradise Park,HI
Hawthorn Woods,IL
Hawthorne,CA
Hawthorne,NJ
Hayden,ID
Hayesville,OR
Hays,KS
Haysville,KS
Hayward,CA
Hazel Crest,IL
Hazel Dell North,WA
Hazel Dell South,WA
Hazel Park,MI
Hazelwood,MO
Hazleton,PA
Healdsburg,CA
Heath,OH
Heber,UT
Heber Springs,AR
Hebron,CT
Helena,AR
Helena,AL
Helena,MT
Helena Valley Southeast,MT
Helena Valley West Central,MT
Hemet,CA
Hempstead,NY
Hempstead,NY
Henderson,NC
Henderson,TX
Henderson,KY
Henderson,NV
Hendersonville,TN
Hendersonville,NC
Henrietta,NY
Henryetta,OK
Hercules,CA
Hereford,TX
Herkimer,NY
Herkimer,NY
Hermantown,MN
Hermiston,OR
Hermitage,PA
Hermosa Beach,CA
Hernando,FL
Hernando,MS
Herndon,VA
Herrin,IL
Hershey,PA
Hesperia,CA
Hewitt,TX
Hewlett,NY
Hialeah,FL
Hialeah Gardens,FL
Hiawatha,IA
Hibbing,MN
Hickory,NC
Hickory Hills,IL
Hicksville,NY
Hidalgo,TX
High Point,NC
Highland,UT
Highland,IL
Highland,IN
Highland,CA
Highland Heights,KY
Highland Heights,OH
Highland Park,TX
Highland Park,IL
Highland Park,NJ
Highland Park,MI
Highland Springs,VA
Highland Village,TX
Highlands,TX
Highlands,NY
Highlands Ranch,CO
Highview,KY
Hillcrest,NY
Hillcrest Heights,MD
Hilliard,OH
Hillsboro,OH
Hillsboro,OR
Hillsboro,TX
Hillsborough,CA
Hillsdale,MI
Hillsdale,NJ
Hillside,NJ
Hillside,IL
Hillview,KY
Hilo,HI
Hilton Head Island,SC
Hinesville,GA
Hingham,MA
Hinsdale,IL
Hitchcock,TX
Hobart,WA
Hobart,IN
Hobbs,NM
Hobe Sound,FL
Hoboken,NJ
Hockessin,DE
Hoffman Estates,IL
Holbrook,MA
Holbrook,MA
Holbrook,NY
Holden,MA
Holiday,FL
Holiday City-Berkeley,NJ
Holladay,UT
Holland,MI
Hollins,VA
Hollis,NH
Hollister,CA
Holliston,MA
Holly,MI
Holly Hill,FL
Holly Springs,MS
Holly Springs,NC
Hollywood,FL
Holmen,WI
Holt,MI
Holtsville,NY
Holualoa,HI
Holyoke,MA
Home Gardens,CA
Homeacre-Lyndora,PA
Homeland Park,SC
Homer,NY
Homestead,FL
Homestead Meadows South,TX
Homewood,AL
Homewood,IL
Homosassa Springs,FL
Hondo,TX
Honolulu,HI
Hooksett,NH
Hoosick,NY
Hoover,AL
Hopatcong,NJ
Hope,AR
Hope Mills,NC
Hopewell,VA
Hopkins,MN
Hopkinsville,KY
Hopkinton,MA
Hopkinton,RI
Hoquiam,WA
Horn Lake,MS
Hornell,NY
Horseheads,NY
Horseheads,NY
Horsham,PA
Hot Springs,AR
Hot Springs Village,AR
Houghton,MI
Houlton,ME
Houma,LA
Houston,TX
Howard,WI
Howell,MI
Howland Center,OH
Hubbard,OH
Huber Heights,OH
Hudson,OH
Hudson,NY
Hudson,WI
Hudson,WI
Hudson,MA
Hudson,MA
Hudson,NH
Hudson,NH
Hudson,FL
Hudson Falls,NY
Hudsonville,MI
Hueytown,AL
Hugo,MN
Hull,MA
Hull,MA
Humble,TX
Humboldt,TN
Hunters Creek,FL
Huntersville,NC
Huntingdon,PA
Huntington,NY
Huntington,NY
Huntington,VA
Huntington,WV
Huntington,IN
Huntington Beach,CA
Huntington Park,CA
Huntington Station,NY
Huntington Woods,MI
Huntsville,AL
Huntsville,TX
Hurley,NY
Huron,OH
Huron,SD
Huron,CA
Hurricane,UT
Hurst,TX
Hutchinson,KS
Hutchinson,MN
Hyattsville,MD
Hybla Valley,VA
Hyde Park,NY
Hyrum,UT
Idabel,OK
ID Falls,ID
Idylwood,VA
Ilion,NY
Immokalee,FL
Imperial,CA
Imperial Beach,CA
Incline Village-Crystal Bay,NV
Independence,OR
Independence,MO
Independence,OH
Independence,IA
Independence,KS
Independence,KY
Indian Harbour Beach,FL
Indian Trail,NC
IN,PA
INpolis,IN
Indianola,MS
Indianola,IA
Indio,CA
Ingleside,TX
Inglewood,CA
Inglewood-Finn Hill,WA
Inkster,MI
Interlaken,CA
International Falls,MN
Inver Grove Heights,MN
Inverness,FL
Inverness,IL
Inwood,FL
Inwood,NY
Iola,KS
Iona,FL
Ione,CA
Ionia,MI
IA City,IA
IA Park,TX
Ipswich,MA
Irmo,SC
Iron Mountain,MI
Irondale,AL
Irondale,GA
Irondequoit,NY
Irondequoit,NY
Ironton,OH
Ironwood,MI
Irvine,CA
Irving,TX
Irvington,NJ
Irvington,NY
Iselin,NJ
Ishpeming,MI
Isla Vista,CA
Islamorada,FL
Island Lake,IL
Islip,NY
Islip,NY
Issaquah,WA
Itasca,IL
Ithaca,NY
Ithaca,NY
Ives Estates,FL
Jacinto City,TX
Jackson,TN
Jackson,OH
Jackson,WY
Jackson,MI
Jackson,MS
Jackson,MO
Jacksonville,AL
Jacksonville,AR
Jacksonville,FL
Jacksonville,IL
Jacksonville,NC
Jacksonville,TX
Jacksonville Beach,FL
Jamesburg,NJ
Jamestown,ND
Jamestown,NY
Janesville,WI
Jasmine Estates,FL
Jasper,AL
Jasper,IN
Jasper,TX
Jeannette,PA
Jefferson,WI
Jefferson,VA
Jefferson,LA
Jefferson City,MO
Jefferson City,TN
Jefferson Hills,PA
Jefferson Valley-Yorktown,NY
Jeffersontown,KY
Jeffersonville,IN
Jenison,MI
Jenks,OK
Jennings,LA
Jennings,MO
Jennings Lodge,OR
Jensen Beach,FL
Jericho,NY
Jerome,ID
Jersey City,NJ
Jersey Village,TX
Jerseyville,IL
Jessup,MD
Jesup,GA
Johnson City,NY
Johnson City,TN
Johnston,RI
Johnston,IA
Johnstown,NY
Johnstown,NY
Johnstown,PA
Joliet,IL
Jollyville,TX
Jonesboro,AR
Joplin,MO
Joppatowne,MD
Junction City,KS
Juneau and,AK
Jupiter,FL
Justice,IL
Kahului,HI
Kailua,HI
Kailua,HI
Kalamazoo,MI
Kalaoa,HI
Kalispell,MT
Kaneohe,HI
Kaneohe Station,HI
Kankakee,IL
Kannapolis,NC
KS City,MO
KS City,KS
Kapaa,HI
Katy,TX
Kaufman,TX
Kaukauna,WI
Kaysville,UT
Keansburg,NJ
Kearney,NE
Kearns,UT
Kearny,NJ
Keene,NH
Keizer,OR
Keller,TX
Kelso,WA
Kemp Mill,MD
Ken Caryl,CO
Kenai,AK
Kendale Lakes,FL
Kendall,FL
Kendall Park,NJ
Kendall West,FL
Kendallville,IN
Kenilworth,NJ
Kenmore,NY
Kenmore,WA
Kennebunk,ME
Kennedy Township,PA
Kenner,LA
Kennesaw,GA
Kennett,MO
Kennewick,WA
Kenosha,WI
Kensington,CT
Kent,WA
Kent,OH
Kent,NY
Kentfield,CA
Kenton,OH
Kentwood,MI
Kenwood,OH
Keokuk,IA
Kerman,CA
Kernersville,NC
Kerrville,TX
Ketchikan,AK
Kettering,MD
Kettering,OH
Kewanee,IL
Key Biscayne,FL
Key Largo,FL
Key West,FL
Keyport,NJ
Keystone,FL
Kihei,HI
Kilgore,TX
Killeen,TX
Killingly,CT
Killingworth,CT
Kimberly,WI
Kinderhook,NY
King City,CA
King of Prussia,PA
Kingman,AZ
Kings Grant,NC
Kings Mountain,NC
Kings Park,NY
Kings Point,FL
Kingsburg,CA
Kingsbury,NY
Kingsgate,WA
Kingsland,GA
Kingsport,TN
Kingston,PA
Kingston,NY
Kingston,MA
Kingsville,TX
Kinnelon,NJ
Kinston,NC
Kirby,TX
Kirkland,WA
Kirkland,NY
Kirksville,MO
Kirkwood,MO
Kirtland,NM
Kirtland,OH
Kiryas Joel,NY
Kissimmee,FL
Kittery,ME
Klamath Falls,OR
Knik-Fairview,AK
Knoxville,IA
Knoxville,TN
Kodiak,AK
Kokomo,IN
Kosciusko,MS
Kulpsville,PA
La Canada Flintridge,CA
La Crescenta-Montrose,CA
La Crosse,WI
La Fayette,GA
La Feria,TX
La Follette,TN
La Grande,OR
La Grange,NY
La Grange,IL
La Grange Park,IL
La Habra,CA
La Homa,TX
La Junta,CO
La Marque,TX
La Mesa,CA
La Mirada,CA
La Palma,CA
La Plata,MD
La Porte,IN
La Porte,TX
La Presa,CA
La Puente,CA
La Quinta,CA
La Riviera,CA
La Salle,IL
La Vergne,TN
La Verne,CA
La Vista,NE
Lacey,WA
Lackawanna,NY
Lackland AFB,TX
Lacombe,LA
Laconia,NH
Ladera Heights,CA
Ladson,SC
Ladue,MO
Lady Lake,FL
Lafayette,CO
Lafayette,LA
Lafayette,IN
Lafayette,CA
LaGrange,GA
Laguna,CA
Laguna Beach,CA
Laguna Hills,CA
Laguna Niguel,CA
Laguna West-Lakeside,CA
Laguna Woods,CA
Lahaina,HI
Lake Arbor,MD
Lake Arrowhead,CA
Lake Barcroft,VA
Lake Bluff,IL
Lake Butter,FL
Lake Carmel,NY
Lake Charles,LA
Lake City,FL
Lake City,SC
Lake Dallas,TX
Lake Elmo,MN
Lake Elsinore,CA
Lake Forest,CA
Lake Forest,IL
Lake Forest Park,WA
Lake Geneva,WI
Lake Grove,NY
Lake Havasu City,AZ
Lake in the Hills,IL
Lake Jackson,TX
Lake Lorraine,FL
Lake Los Angeles,CA
Lake Lucerne,FL
Lake Magdalene,FL
Lake Mary,FL
Lake Mohawk,NJ
Lake Monticello,VA
Lake Morton-Berrydale,WA
Lake Oswego,OR
Lake Park,FL
Lake Ridge,VA
Lake Ronkonkoma,NY
Lake Shore,MD
Lake Shore,WA
Lake St. Louis,MO
Lake Station,IN
Lake Stevens,WA
Lake Wales,FL
Lake Worth,FL
Lake Worth Corridor,FL
Lake Zurich,IL
Lakeland,FL
Lakeland,TN
Lakeland Highlands,FL
Lakeland North,WA
Lakeland South,WA
Lakes,AK
Lakes by the Bay,FL
Lakes of the Four Seasons,IN
Lakeside,FL
Lakeside,CA
Lakeside,VA
Lakeville,MN
Lakeville,MA
Lakeway,TX
Lakewood,OH
Lakewood,NJ
Lakewood,CA
Lakewood,CO
Lakewood,WA
Lakewood Park,FL
Lamar,CO
Lambertville,MI
Lamesa,TX
Lamont,CA
Lampasas,TX
Lancaster,TX
Lancaster,SC
Lancaster,PA
Lancaster,OH
Lancaster,NY
Lancaster,MA
Lancaster,NY
Lancaster,CA
Land O’ Lakes,FL
Landen,OH
Lander,WY
Lanett,AL
Langley Park,MD
Lanham-Seabrook,MD
Lansdale,PA
Lansdowne,PA
Lansdowne-Baltimore Highlands,MD
Lansing,KS
Lansing,IL
Lansing,NY
Lansing,MI
Lantana,FL
Lapeer,MI
Laplace,LA
Laramie,WY
Larchmont,NY
Laredo,TX
Largo,MD
Largo,FL
Larkfield-Wikiup,CA
LARpur,CA
Larose,LA
Las Cruces,NM
Las Vegas,NM
Las Vegas,NV
Lathrop,CA
Latrobe,PA
Lauderdale Lakes,FL
Lauderhill,FL
Laughlin,NV
Laurel,MS
Laurel,MT
Laurel,FL
Laurel,MD
Laurel,VA
Laurel Bay,SC
Laurence Harbor,NJ
Laurens,SC
Laurinburg,NC
Lawndale,CA
Lawrence,KS
Lawrence,IN
Lawrence,NY
Lawrence,MA
Lawrenceburg,TN
Lawrenceburg,KY
Lawrenceville,GA
Lawton,OK
Layton,UT
Le Mars,IA
Le Ray,NY
Le Roy,NY
Lea Hill,WA
Leacock-Leola-Bareville,PA
League City,TX
Leander,TX
Leavenworth,KS
Leawood,KS
Lebanon,IN
Lebanon,CT
Lebanon,PA
Lebanon,TN
Lebanon,OR
Lebanon,OH
Lebanon,NH
Lebanon,MO
Ledyard,CT
Lee,NY
Lee’s Summit,MO
Leeds,AL
Leesburg,FL
Leesburg,VA
Leesville,LA
Lehi,UT
Lehigh Acres,FL
Leicester,MA
Leisure City,FL
Leisure Village West-Pine Lake Park,NJ
Leitchfield,KY
Lemay,MO
Lemmon Valley-Golden Valley,NV
Lemon Grove,CA
Lemont,IL
Lemoore,CA
Lenexa,KS
Lennox,CA
Lenoir,NC
Lenoir City,TN
Lenox,NY
Leominster,MA
Leon Valley,TX
Leonia,NJ
Levelland,TX
Levittown,PA
Levittown,NY
Lewisboro,NY
Lewisburg,TN
Lewiston,ME
Lewiston,NY
Lewiston,ID
Lewistown,PA
Lewisville,NC
Lewisville,TX
Lexington,VA
Lexington,NC
Lexington,SC
Lexington,TN
Lexington,MA
Lexington,NE
Lexington,MA
Lexington Park,MD
Lexington-Fayette,KY
Liberal,KS
Liberty,MO
Liberty,NY
Liberty,TX
Libertyville,IL
Lighthouse Point,FL
Lilburn,GA
Lima,OH
Lincoln,RI
Lincoln,NE
Lincoln,MA
Lincoln,IL
Lincoln,CA
Lincoln City,OR
Lincoln Park,MI
Lincoln Park,NJ
Lincoln Village,OH
Lincolnia,VA
Lincolnshire,IL
Lincolnton,NC
Lincolnwood,IL
Lincroft,NJ
Linda,CA
Linden,NJ
Lindenhurst,NY
Lindenhurst,IL
Lindenwold,NJ
Lindon,UT
Lindsay,CA
Linganore-Bartonsville,MD
Linglestown,PA
Lino Lakes,MN
Linthicum,MD
Linton Hall,VA
Linwood,NJ
Lionville-Marchwood,PA
Lisbon,ME
Lisbon,WI
Lisle,IL
Litchfield,IL
Litchfield,CT
Litchfield,MN
Litchfield,NH
Lititz,PA
Little Canada,MN
Little Chute,WI
Little Cottonwood Creek Valley,UT
Little Falls,MN
Little Falls,NJ
Little Ferry,NJ
Little River,SC
Little Rock,AR
Little Silver,NJ
Littlefield,TX
Littleton,MA
Littleton,CO
Live Oak,FL
Live Oak,CA
Live Oak,CA
Live Oak,TX
Livermore,CA
Livingston,CA
Livingston,MT
Livingston,NJ
Livonia,NY
Livonia,MI
Lloyd,NY
Lochearn,MD
Lock Haven,PA
Lockhart,FL
Lockhart,TX
Lockport,IL
Lockport,NY
Lockport,NY
Lodi,NJ
Lodi,CA
Logan,OH
Logan,UT
Logansport,IN
Loma Linda,CA
Lombard,IL
Lomita,CA
Lompoc,CA
London,OH
Londonderry,NH
Londonderry,NH
Londontowne,MD
Long Beach,CA
Long Beach,MS
Long Beach,NY
Long Branch,NJ
Long Grove,IL
Longboat Key,FL
Longmeadow,MA
Longmeadow,MA
Longmont,CO
Longview,WA
Longview,TX
Longwood,FL
Loomis,CA
Lorain,OH
Lorton,VA
Los Alamitos,CA
Los Alamos,NM
Los Altos,CA
Los Altos Hills,CA
Los Angeles,CA
Los Banos,CA
Los Gatos,CA
Los Lunas,NM
Louisville,MS
Louisville,OH
Louisville,CO
Louisville,KY
Loveland,CO
Loveland,OH
Loves Park,IL
Lovington,NM
Lowell,MA
Lowell,IN
Lower Allen,PA
Lower Burrell,PA
Lubbock,TX
Lucas Valley-Marinwood,CA
Ludington,MI
Ludlow,MA
Lufkin,TX
Lugoff,SC
Luling,LA
Lumberton,NC
Lumberton,TX
Lunenburg,MA
Lutherville-Timonium,MD
Lutz,FL
Lynbrook,NY
Lynchburg,VA
Lynden,WA
Lyndhurst,OH
Lyndhurst,NJ
Lyndon,KY
Lynn,MA
Lynn Haven,FL
Lynnfield,MA
Lynnfield,MA
Lynnwood,WA
Lynwood,IL
Lynwood,CA
Lyons,IL
Lysander,NY
Mableton,GA
Macedon,NY
Macedonia,OH
Machesney Park,IL
Macomb,IL
Macon,GA
Madeira,OH
Madera,CA
Madera Acres,CA
Madison,AL
Madison,IN
Madison,CT
Madison,NJ
Madison,MS
Madison,SD
Madison,WI
Madison,WI
Madison Heights,VA
Madison Heights,MI
Madison Park,NJ
Madisonville,KY
Magalia,CA
Magna,UT
Magnolia,AR
Mahopac,NY
Mahtomedi,MN
Maitland,FL
Makaha,HI
Makakilo City,HI
Makawao,HI
Malden,MA
Malibu,CA
Malone,NY
Malone,NY
Malta,NY
Maltby,WA
Malvern,AR
Malverne,NY
Mamakating,NY
Mamaroneck,NY
Mamaroneck,NY
Mammoth Lakes,CA
Manasquan,NJ
Manassas,VA
Manassas Park,VA
Manchester,TN
Manchester,NH
Manchester,NY
Manchester,MO
Manchester,CT
Mandan,ND
Mandeville,LA
Mango,FL
Manhasset,NY
Manhattan,KS
Manhattan Beach,CA
Manistee,MI
Manitowoc,WI
Mankato,MN
Manlius,NY
Manorhaven,NY
Manorville,NY
Mansfield,MA
Mansfield,CT
Mansfield,TX
Mansfield,OH
Mansfield Center,MA
Manteca,CA
Manteno,IL
Mantua,VA
Manville,NJ
Maple Glen,PA
Maple Grove,MN
Maple Heights,OH
Maple Valley,WA
Maplewood,MN
Maplewood,MO
Maplewood,NJ
Maquoketa,IA
Marana,AZ
Marathon,FL
Marblehead,MA
Marblehead,MA
Marcellus,NY
Marco Island,FL
Marcy,NY
Marengo,IL
Margate,FL
Margate City,NJ
Marianna,FL
Marietta,GA
Marietta,OH
Marina,CA
Marina del Rey,CA
Marinette,WI
Marion,VA
Marion,OH
Marion,SC
Marion,AR
Marion,IN
Marion,IA
Marion,IL
Markham,IL
Marlborough,NY
Marlborough,MA
Marlin,TX
Marlow Heights,MD
Marlton,MD
Marlton,NJ
Marquette,MI
Marrero,LA
Marshall,MI
Marshall,MN
Marshall,MO
Marshall,TX
Marshalltown,IA
Marshfield,MA
Marshfield,WI
Martha Lake,WA
Martin,TN
Martinez,GA
Martinez,CA
Martins Ferry,OH
Martinsburg,WV
Martinsville,VA
Martinsville,IN
MD City,MD
MD Heights,MO
Marysville,MI
Marysville,CA
Marysville,WA
Marysville,OH
Maryville,TN
Maryville,MO
Mashpee,MA
Mason,MI
Mason,OH
Mason City,IA
Masonboro,NC
Massapequa,NY
Massapequa Park,NY
Massena,NY
Massena,NY
Massillon,OH
Mastic,NY
Mastic Beach,NY
Matawan,NJ
Mattapoisett,MA
Matteson,IL
Matthews,NC
Mattoon,IL
Mattydale,NY
Mauldin,SC
Maumee,OH
Maumelle,AR
Mayfield,KY
Mayfield,NY
Mayfield Heights,OH
Maynard,MA
Maynard,MA
Mays Chapel,MD
Maysville,KY
Maywood,IL
Maywood,CA
Maywood,NJ
McAlester,OK
McAllen,TX
McCandless Township,PA
McComb,MS
McCook,NE
McDonough,GA
McFarland,CA
McFarland,WI
McGregor,FL
McGuire AFB,NJ
McHenry,IL
McKees Rocks,PA
McKeesport,PA
McKinleyville,CA
McKinney,TX
McLean,VA
McMinnville,TN
McMinnville,OR
McPherson,KS
Meadow Woods,FL
Meadville,PA
Mebane,NC
Mechanicsburg,PA
Mechanicstown,NY
Mechanicsville,VA
Medfield,MA
Medfield,MA
Medford,MA
Medford,NY
Medford,OR
Medina,OH
Medina,NY
Medulla,FL
Medway,MA
Mehlville,MO
Melbourne,FL
Melrose,MA
Melrose Park,FL
Melrose Park,IL
Melville,NY
Melvindale,MI
Memphis,FL
Memphis,TN
Menasha,WI
Menasha,WI
Mendon,NY
Mendota,CA
Mendota,IL
Mendota Heights,MN
Menlo Park,CA
Menominee,MI
Menomonee Falls,WI
Menomonie,WI
Mentone,CA
Mentor,OH
Mentor-on-the-Lake,OH
Mequon,WI
Meraux,LA
Merced,CA
Mercedes,TX
Mercer Island,WA
Mercerville-Hamilton Square,NJ
Meriden,CT
Meriden,CT
Meridian,ID
Meridian,MS
Merriam,KS
Merrick,NY
Merrifield,VA
Merrill,WI
Merrillville,IN
Merrimac,MA
Merrimack,NH
Merritt Island,FL
Merrydale,LA
Merton,WI
Mesa,AZ
Mesquite,NV
Mesquite,TX
Metairie,LA
Methuen,MA
Metropolis,IL
Metuchen,NJ
Mexia,TX
Mexico,MO
Miami,FL
Miami,OK
Miami Beach,FL
Miami Lakes,FL
Miami Shores,FL
Miami Springs,FL
Miamisburg,OH
Micco,FL
MI City,IN
Middle Island,NY
Middle River,MD
Middle Valley,TN
Middleborough,MA
Middleborough Center,MA
Middleburg,FL
Middleburg Heights,OH
Middlebury,VT
Middlebury,VT
Middlebury,CT
Middlesborough,KY
Middlesex,NJ
Middleton,MA
Middleton,WI
Middletown,OH
Middletown,PA
Middletown,PA
Middletown,RI
Middletown,NY
Middletown,CT
Middletown,CT
Middletown,DE
Midland,MI
Midland,TX
Midland,WA
Midland Park,NJ
Midlothian,IL
Midlothian,TX
Midvale,UT
Midwest City,OK
Milan,TN
Miles City,MT
Milford,NH
Milford,NH
Milford,MI
Milford,MA
Milford,MA
Milford,DE
Milford,CT
Milford,CT
Milford,OH
Milford Mill,MD
Mililani Town,HI
Mill Creek,WA
Mill Plain,WA
Mill Valley,CA
Millbrae,CA
Millbrook,AL
Millburn,NJ
Millbury,MA
Millcreek,UT
Milledgeville,GA
Miller Place,NY
Millersville,PA
Millington,TN
Millis,MA
Milltown,NJ
Millville,NJ
Milo,NY
Milpitas,CA
Milton,FL
Milton,NY
Milton,MA
Milton,MA
Milton,PA
Milton,VT
Milton-Freewater,OR
Milwaukee,WI
Milwaukie,OR
Mims,FL
Minden,LA
Mineola,NY
Mineral Wells,TX
Minneapolis,MN
Minnehaha,WA
Minnetonka,MN
Minot,ND
Minot AFB,ND
Mint Hill,NC
Mira Loma,CA
Mira Monte,CA
Miramar,FL
Mishawaka,IN
Mission,KS
Mission,TX
Mission Bend,TX
Mission Viejo,CA
Missoula,MT
MO City,TX
Mitchell,SD
Mitchellville,MD
Moberly,MO
Mobile,AL
Modesto,CA
Mohave Valley,AZ
Mokena,IL
Moline,IL
Monaca,PA
Monahans,TX
Monessen,PA
Monett,MO
Monmouth,IL
Monmouth,OR
Monona,WI
Monroe,WI
Monroe,WA
Monroe,OH
Monroe,CT
Monroe,GA
Monroe,MI
Monroe,LA
Monroe,NC
Monroe,NY
Monroe,NY
Monroeville,AL
Monrovia,CA
Monsey,NY
Monson,MA
Montague,MA
Montclair,NJ
Montclair,CA
Montclair,VA
Montebello,CA
Montecito,CA
Monterey,CA
Monterey Park,CA
Montgomery,AL
Montgomery,NY
Montgomery,OH
Montgomery Village,MD
Montgomeryville,PA
Monticello,MN
Monticello,NY
Monticello,AR
Montpelier,VT
Montrose,VA
Montrose,CO
Montvale,NJ
Montville,CT
Moody,AL
Moore,OK
Moorestown-Lenola,NJ
Mooresville,NC
Mooresville,IN
Moorhead,MN
Moorpark,CA
Moraga,CA
Moraine,OH
Moreau,NY
Morehead City,NC
Moreno Valley,CA
Morgan City,LA
Morgan Hill,CA
Morganton,NC
Morgantown,WV
Morganville,NJ
Morrilton,AR
Morris,IL
Morristown,NJ
Morristown,TN
Morrisville,PA
Morro Bay,CA
Morton,IL
Morton Grove,IL
Moscow,ID
Moses Lake,WA
Moss Bluff,LA
Moss Point,MS
Moultrie,GA
Mound,MN
Mounds View,MN
Moundsville,WV
Mount Airy,MD
Mount Airy,NC
Mount Carmel,IL
Mount Carmel,PA
Mount Clemens,MI
Mount Dora,FL
Mount Healthy,OH
Mount Holly,NC
Mount Hope,NY
Mount Ivy,NY
Mount Joy,PA
Mount Juliet,TN
Mount Kisco,NY
Mount Kisco,NY
Mount Lebanon,PA
Mount Olympus,UT
Mount Pleasant,TX
Mount Pleasant,WI
Mount Pleasant,SC
Mount Pleasant,NY
Mount Pleasant,MI
Mount Pleasant,IA
Mount Prospect,IL
Mount Rainier,MD
Mount Sinai,NY
Mount Vernon,NY
Mount Vernon,IL
Mount Vernon,IN
Mount Vernon,OH
Mount Vernon,WA
Mount Vernon,VA
Mount WA,KY
Mountain Brook,AL
Mountain Home,AR
Mountain Home,ID
Mountain Home AFB,ID
Mountain Park,GA
Mountain Top,PA
Mountain View,CA
Mountainside,NJ
Mountlake Terrace,WA
Mukilteo,WA
Mukwonago,WI
Mukwonago,WI
Muncie,IN
Mundelein,IL
Munhall,PA
Municipality of Monroeville,PA
Municipality of Murrysville,PA
Munster,IN
Murfreesboro,TN
Murphy,MO
Murphysboro,IL
Murray,KY
Murray,NY
Murray,UT
Murraysville,NC
Murrieta,CA
Muscatine,IA
Muscle Shoals,AL
Muscoy,CA
Muskego,WI
Muskegon,MI
Muskegon Heights,MI
Muskogee,OK
Mustang,OK
Myrtle Beach,SC
Myrtle Grove,NC
Myrtle Grove,FL
Mystic Island,NJ
Nacogdoches,TX
Nampa,ID
Nanakuli,HI
Nanticoke,PA
Nantucket,MA
Nanuet,NY
Napa,CA
Naperville,IL
Napili-Honokowai,HI
Naples,FL
Naples Park,FL
Napoleon,OH
Nappanee,IN
Narragansett,RI
Nashua,NH
Nashville-Davidson,TN
Natchez,MS
Natchitoches,LA
Natick,MA
National City,CA
Naugatuck,CT
Naugatuck,CT
Navasota,TX
Nazareth,PA
NE City,NE
Nederland,TX
Needham,MA
Needham,MA
Neenah,WI
Nellis AFB,NV
Neosho,MO
Neptune Beach,FL
Nesconset,NY
Nether Providence Township,PA
NV,MO
NV,IA
New Albany,IN
New Albany,MS
New Baltimore,MI
New Bedford,MA
New Berlin,WI
New Bern,NC
New Braunfels,TX
New Brighton,PA
New Brighton,MN
New Britain,CT
New Britain,CT
New Brunswick,NJ
New Canaan,CT
New Carrollton,MD
New Cassel,NY
New Castle,NY
New Castle,PA
New Castle,IN
New City,NY
New Cumberland,PA
New Fairfield,CT
New Hartford,CT
New Hartford,NY
New Haven,CT
New Haven,CT
New Haven,IN
New Hope,MN
New Hyde Park,NY
New Iberia,LA
New Kensington,PA
New Kingman-Butler,AZ
New Lenox,IL
New London,CT
New London,CT
New London,WI
New Milford,CT
New Milford,CT
New Milford,NJ
New Orleans,LA
New Paltz,NY
New Paltz,NY
New Philadelphia,OH
New Port Richey,FL
New Port Richey East,FL
New Providence,NJ
New Richmond,WI
New River,AZ
New Rochelle,NY
New Scotland,NY
New Smyrna Beach,FL
New Territory,TX
New Ulm,MN
New Windsor,NY
New Windsor,NY
NY,NY
Newark,NJ
Newark,NY
Newark,OH
Newark,DE
Newark,CA
Newberg,OR
Newberry,SC
Newburg,KY
Newburgh,NY
Newburgh,NY
Newbury,MA
Newburyport,MA
Newcastle,WA
Newfane,NY
Newington,VA
Newington,CT
Newington,CT
Newman,CA
Newmarket,NH
Newnan,GA
Newport,AR
Newport,KY
Newport,NH
Newport,TN
Newport,RI
Newport,OR
Newport Beach,CA
Newport East,RI
Newport News,VA
Newstead,NY
Newton,NC
Newton,KS
Newton,IA
Newton,MA
Newton,NJ
Newtown,CT
Niagara,NY
Niagara Falls,NY
Niceville,FL
Nicholasville,KY
Niles,MI
Niles,IL
Niles,OH
Nipomo,CA
Niskayuna,NY
Nitro,WV
Nixa,MO
Noblesville,IN
Nogales,AZ
Norco,CA
Norcross,GA
Norfolk,MA
Norfolk,NE
Norfolk,VA
Norland,FL
Normal,IL
Norman,OK
Normandy Park,WA
Norridge,IL
Norristown,PA
North Adams,MA
North Amherst,MA
North Amityville,NY
North Andover,MA
North Andrews Gardens,FL
North Arlington,NJ
North Atlanta,GA
North Attleborough,MA
North Attleborough Center,MA
North Auburn,CA
North Augusta,SC
North Aurora,IL
North Babylon,NY
North Bay Shore,NY
North Bay Village,FL
North Bellmore,NY
North Bellport,NY
North Bend,OR
North Bethesda,MD
North Braddock,PA
North Branch,MN
North Branford,CT
North Brunswick Township,NJ
North Caldwell,NJ
North Canton,OH
North Castle,NY
North Charleston,SC
North Chicago,IL
North College Hill,OH
North Creek,WA
North Decatur,GA
North Druid Hills,GA
North Elba,NY
North Fair Oaks,CA
North Fort Myers,FL
North Greenbush,NY
North Haledon,NJ
North Haven,CT
North Haven,CT
North Hempstead,NY
North Highlands,CA
North Kensington,MD
North Kingstown,RI
North Las Vegas,NV
North Lauderdale,FL
North Laurel,MD
North Lindenhurst,NY
North Little Rock,AR
North Logan,UT
North Madison,OH
North Manchester,IN
North Mankato,MN
North Marysville,WA
North Massapequa,NY
North Merrick,NY
North Miami,FL
North Miami Beach,FL
North Myrtle Beach,SC
North New Hyde Park,NY
North Ogden,UT
North Olmsted,OH
North Palm Beach,FL
North Patchogue,NY
North Plainfield,NJ
North Platte,NE
North Port,FL
North Potomac,MD
North Providence,RI
North Providence,RI
North Reading,MA
North Richland Hills,TX
North Ridgeville,OH
North Riverside,IL
North Royalton,OH
North Salt Lake,UT
North Sarasota,FL
North Smithfield,RI
North Springfield,VA
North St. Paul,MN
North Star,DE
North Syracuse,NY
North Tonawanda,NY
North Valley,NM
North Valley Stream,NY
North Vernon,IN
North Versailles,PA
North Wantagh,NY
Northampton,PA
Northampton,MA
Northborough,MA
Northborough,MA
Northbridge,MA
Northbrook,IL
Northbrook,OH
Northfield,MN
Northfield,NJ
Northgate,OH
Northglenn,CO
Northlake,IL
Northport,AL
Northport,NY
Northridge,OH
Northridge,OH
Northview,MI
Northville,MI
Northwest Harborcreek,PA
Norton,OH
Norton,MA
Norton Shores,MI
Norwalk,IA
Norwalk,CT
Norwalk,CA
Norwalk,CT
Norwalk,OH
Norway,WI
Norwell,MA
Norwich,NY
Norwich,CT
Norwich,CT
Norwood,MA
Norwood,MA
Norwood,OH
Novato,CA
Novi,MI
Nutley,NJ
Nyack,NY
O’Fallon,IL
O’Fallon,MO
O’Hara Township,PA
Oak Brook,IL
Oak Creek,WI
Oak Forest,IL
Oak Grove,KY
Oak Grove,SC
Oak Grove,OR
Oak Grove,MN
Oak Harbor,WA
Oak Hill,WV
Oak Hills,OR
Oak Hills Place,LA
Oak Island,NC
Oak Lawn,IL
Oak Park,IL
Oak Park,MI
Oak Ridge,TN
Oak Ridge,FL
Oakbrook,KY
Oakdale,LA
Oakdale,CA
Oakdale,MN
Oakdale,NY
Oakland,NJ
Oakland,CA
Oakland Park,FL
Oakley,CA
Oakmont,PA
Oakton,VA
Oakville,MO
Oakville,CT
Oakwood,OH
Oatfield,OR
Oberlin,OH
Ocala,FL
Ocean Acres,NJ
Ocean City,NJ
Ocean City,MD
Ocean Pines,MD
Ocean Springs,MS
Oceano,CA
Oceanside,CA
Oceanside,NY
Ocoee,FL
Oconomowoc,WI
Oconomowoc,WI
Odenton,MD
Odessa,TX
Oelwein,IA
Offutt AFB,NE
Ogden,NY
Ogden,UT
Ogdensburg,NY
Oil City,PA
Oildale,CA
Ojai,CA
Ojus,FL
Okemos,MI
OK City,OK
Okmulgee,OK
Okolona,KY
Olathe,KS
Old Bridge,NJ
Old Forge,PA
Old Lyme,CT
Old Orchard Beach,ME
Old Orchard Beach,ME
Old Saybrook,CT
Old Town,ME
Oldsmar,FL
Olean,NY
Olive Branch,MS
Olivehurst,CA
Olivette,MO
Olmsted Falls,OH
Olney,MD
Olney,IL
Olympia,WA
Olympia Heights,FL
Omaha,NE
OnAK,WI
Oneida,NY
Oneonta,NY
Onondaga,NY
Ontario,NY
Ontario,OR
Ontario,CA
Opa-locka,FL
Opa-locka North,FL
Opal Cliffs,CA
Opelika,AL
Opelousas,LA
Opp,AL
Opportunity,WA
Oquirrh,UT
Oradell,NJ
Orange,NJ
Orange,MA
Orange,TX
Orange,CT
Orange,CA
Orange,CT
Orange City,FL
Orange Cove,CA
Orange Lake,NY
Orange Park,FL
Orangeburg,SC
Orangetown,NY
Orangevale,CA
Orchard Mesa,CO
Orchard Park,NY
Orchards,WA
Orcutt,CA
OR,OH
OR,WI
OR City,OR
Orem,UT
Orinda,CA
Orland,CA
Orland Hills,IL
Orland Park,IL
Orlando,FL
Orleans,MA
Orlovista,FL
Ormond Beach,FL
Ormond-By-The-Sea,FL
Oro Valley,AZ
Orono,ME
Orono,ME
Orono,MN
Orosi,CA
Oroville,CA
Oroville East,CA
Orrville,OH
Osceola,AR
Oshkosh,WI
Oskaloosa,IA
Ossining,NY
Ossining,NY
Oswego,NY
Oswego,NY
Oswego,IL
Otis Orchards-East Farms,WA
Otsego,MN
Ottawa,IL
Ottawa,KS
Ottumwa,IA
Overland,MO
Overland Park,KS
Overlea,MD
Oviedo,FL
Owasso,OK
Owatonna,MN
Owego,NY
Owensboro,KY
Owings Mills,MD
Owosso,MI
Oxford,MA
Oxford,MS
Oxford,NC
Oxford,OH
Oxford,CT
Oxford,AL
Oxnard,CA
Oxon Hill-Glassmanor,MD
Oyster Bay,NY
Oyster Bay,NY
Ozark,MO
Ozark,AL
Pace,FL
Pacific Grove,CA
Pacifica,CA
Paducah,KY
Page,AZ
Pahrump,NV
Paine Field-Lake Stickney,WA
Painesville,OH
Palatine,IL
Palatka,FL
Palestine,TX
Palisades Park,NJ
Palm Bay,FL
Palm Beach,FL
Palm Beach Gardens,FL
Palm City,FL
Palm Coast,FL
Palm Desert,CA
Palm Harbor,FL
Palm River-Clair Mel,FL
Palm Springs,FL
Palm Springs,CA
Palm Valley,FL
Palmdale,CA
Palmer,MA
Palmetto,FL
Palmetto Estates,FL
Palmview South,TX
Palmyra,PA
Palmyra,NJ
Palmyra,NY
Palo Alto,CA
Palos Heights,IL
Palos Hills,IL
Palos Verdes Estates,CA
Pampa,TX
Panama City,FL
Panama City Beach,FL
Panthersville,GA
Papillion,NE
Paradise,NV
Paradise,CA
Paradise Valley,AZ
Paragould,AR
Paramount,CA
Paramus,NJ
Paris,TX
Paris,TN
Paris,IL
Paris,KY
Park City,IL
Park City,UT
Park Forest,IL
Park Forest Village,PA
Park Hills,MO
Park Ridge,NJ
Park Ridge,IL
Parker,CO
Parker,SC
Parkersburg,WV
Parkland,WA
Parkland,FL
Parkville,MD
Parkville,PA
Parkway-South Sacramento,CA
Parkwood,WA
Parlier,CA
Parma,NY
Parma,OH
Parma Heights,OH
Parole,MD
Parsons,KS
Pasadena,MD
Pasadena,CA
Pasadena,TX
Pascagoula,MS
Pasco,WA
Pass Christian,MS
Passaic,NJ
Pataskala,OH
Patchogue,NY
Paterson,NJ
Patterson,NY
Patterson,CA
Pauls Valley,OK
Paulsboro,NJ
Pawling,NY
Pawtucket,RI
Payette,ID
Payson,AZ
Payson,UT
Pea Ridge,WV
Peabody,MA
Peachtree City,GA
Pearl,MS
Pearl City,HI
Pearl River,NY
Pearland,TX
Pearsall,TX
Pecan Grove,TX
Pecos,TX
Pedley,CA
Peekskill,NY
Pekin,IL
Pelham,AL
Pelham,NY
Pelham,NY
Pelham,NH
Pell City,AL
Pella,IA
Pembroke,MA
Pembroke,NH
Pembroke Park,FL
Pembroke Pines,FL
Pendleton,NY
Pendleton,OR
Penfield,NY
Penn Hills,PA
Pennsauken,NJ
Pennsville,NJ
Pensacola,FL
Peoria,AZ
Peoria,IL
Peoria Heights,IL
Pepper Pike,OH
Pepperell,MA
Perinton,NY
Perkasie,PA
Perris,CA
Perry,FL
Perry,IA
Perry,GA
Perry,NY
Perry Hall,MD
Perry Heights,OH
Perrysburg,OH
Perryton,TX
Perryville,MO
Perth Amboy,NJ
Peru,NY
Peru,IL
Peru,IN
Petal,MS
Petaluma,CA
Petersburg,VA
Petoskey,MI
Pewaukee,WI
Pewaukee,WI
Pflugerville,TX
Pharr,TX
Phelps,NY
Phenix City,AL
Philadelphia,MS
Philadelphia,PA
Philipstown,NY
Phillipsburg,NJ
Phoenix,AZ
Phoenixville,PA
Picayune,MS
Pickerington,OH
Picnic Point-North Lynnwood,WA
Pico Rivera,CA
Picture Rocks,AZ
Piedmont,CA
Pierre,SD
Pike Creek,DE
Pikesville,MD
Pikeville,KY
Pimmit Hills,VA
Pine Bluff,AR
Pine Castle,FL
Pine Hill,NJ
Pine Hills,FL
Pinecrest,FL
Pinehurst,MA
Pinehurst,NC
Pinellas Park,FL
Pineville,LA
Pinewood,FL
Piney Green,NC
Pinole,CA
Piqua,OH
Pismo Beach,CA
Pitman,NJ
Pittsburg,CA
Pittsburg,KS
Pittsburgh,PA
Pittsfield,MA
Pittsford,NY
Pittston,PA
Placentia,CA
Placerville,CA
Plainedge,NY
Plainfield,NJ
Plainfield,CT
Plainfield,IN
Plainfield,IL
Plainview,NY
Plainview,TX
Plainville,MA
Plainville,CT
Plaistow,NH
Plano,TX
Plant City,FL
Plantation,FL
Plaquemine,LA
Plattekill,NY
Platteville,WI
Plattsburgh,NY
Plattsburgh,NY
Plattsmouth,NE
Pleasant Grove,UT
Pleasant Grove,AL
Pleasant Hill,CA
Pleasant Hills,PA
Pleasant Prairie,WI
Pleasant Valley,NY
Pleasanton,TX
Pleasanton,CA
Pleasantville,NY
Pleasantville,NJ
Pleasure Ridge Park,KY
Plover,WI
Plum,PA
Plymouth,PA
Plymouth,MA
Plymouth,MI
Plymouth,MA
Plymouth,MN
Plymouth,IN
Plymouth,CT
Plymouth,WI
Plymouth Township,MI
Pocahontas,AR
Pocatello,ID
Poinciana,FL
Point Pleasant,NJ
Pomfret,NY
Pomona,CA
Pompano Beach,FL
Pompano Beach Highlands,FL
Pompey,NY
Pompton Lakes,NJ
Ponca City,OK
Pontiac,IL
Pontiac,MI
Pooler,GA
Poplar Bluff,MO
Poquoson,VA
Port Angeles,WA
Port Arthur,TX
Port Charlotte,FL
Port Chester,NY
Port Clinton,OH
Port Hueneme,CA
Port Huron,MI
Port Jefferson,NY
Port Jefferson Station,NY
Port Jervis,NY
Port Lavaca,TX
Port Neches,TX
Port Orange,FL
Port Orchard,WA
Port Salerno,FL
Port St. John,FL
Port St. Lucie,FL
Port Townsend,WA
Port WA,NY
Port WA,WI
Portage,WI
Portage,IN
Portage,MI
Portage Lakes,OH
Portales,NM
Porter,NY
Porterville,CA
Portland,CT
Portland,ME
Portland,IN
Portland,TN
Portland,TX
Portland,OR
Portola Hills,CA
Portsmouth,RI
Portsmouth,OH
Portsmouth,NH
Portsmouth,VA
Post Falls,ID
Poteau,OK
Potomac,MD
Potsdam,NY
Potsdam,NY
Pottstown,PA
Pottsville,PA
Poughkeepsie,NY
Poughkeepsie,NY
Poulsbo,WA
Poway,CA
Powder Springs,GA
Powell,OH
Prairie du Chien,WI
Prairie Ridge,WA
Prairie Village,KS
Pratt,KS
Prattville,AL
Prescott,AZ
Prescott Valley,AZ
Presque Isle,ME
Price,UT
Prichard,AL
Prien,LA
Princeton,KY
Princeton,FL
Princeton,IN
Princeton,IL
Princeton,NJ
Princeton,WV
Princeton Meadows,NJ
Prineville,OR
Prior Lake,MN
Progress,PA
Prospect,CT
Prospect Heights,IL
Prospect Park,PA
Providence,RI
Provo,UT
Prunedale,CA
Pryor Creek,OK
Pueblo,CO
Pueblo West,CO
Pukalani,HI
Pulaski,TN
Pulaski,VA
Pullman,WA
Punta Gorda,FL
Punxsutawney,PA
Putnam,CT
Putnam District,CT
Putnam Valley,NY
Puyallup,WA
Quakertown,PA
Quantico Station,VA
Quartz Hill,CA
Queensbury,NY
Quincy,FL
Quincy,IL
Quincy,MA
Raceland,LA
Racine,WI
Radcliff,KY
Radford,VA
Radnor Township,PA
Rahway,NJ
Rainbow City,AL
Raleigh,NC
Ralston,NE
Ramapo,NY
Ramblewood,NJ
Ramona,CA
Ramsey,NJ
Ramsey,MN
Rancho Cordova,CA
Rancho Cucamonga,CA
Rancho Mirage,CA
Rancho Palos Verdes,CA
Rancho San Diego,CA
Rancho Santa Margarita,CA
Randallstown,MD
Randolph,MA
Randolph,MA
Rantoul,IL
Rapid City,SD
Rapid Valley,SD
Raritan,NJ
Raton,NM
Ravenna,OH
Rawlins,WY
Raymond,NH
Raymondville,TX
Raymore,MO
Rayne,LA
Raynham,MA
Raytown,MO
Reading,MA
Reading,MA
Reading,PA
Reading,OH
Red Bank,SC
Red Bank,TN
Red Bank,NJ
Red Bluff,CA
Red Hill,SC
Red Hook,NY
Red Lion,PA
Red Oak,IA
Red Wing,MN
Redan,GA
Redding,CT
Redding,CA
Redford,MI
Redland,MD
Redlands,CA
Redlands,CO
Redmond,OR
Redmond,WA
Redondo Beach,CA
Redwood City,CA
Reedley,CA
Reedsburg,WI
Rehoboth,MA
Reidsville,NC
Reisterstown,MD
Rendon,TX
Reno,NV
Rensselaer,NY
Renton,WA
Republic,MO
Reserve,LA
Reston,VA
Revere,MA
Rexburg,ID
Reynoldsburg,OH
Rhinebeck,NY
Rhinelander,WI
Rialto,CA
Rib Mountain,WI
Rib Mountain,WI
Rice Lake,WI
Richardson,TX
Richboro,PA
Richfield,UT
Richfield,WI
Richfield,MN
Richland,WA
Richland,MS
Richland Hills,TX
Richmond,TX
Richmond,RI
Richmond,VA
Richmond,MO
Richmond,KY
Richmond,IN
Richmond,CA
Richmond Heights,FL
Richmond Heights,MO
Richmond Heights,OH
Richmond Hill,GA
Richmond West,FL
Richton Park,IL
Ridge,NY
Ridgecrest,CA
Ridgefield,CT
Ridgefield,CT
Ridgefield,NJ
Ridgefield Park,NJ
Ridgeland,MS
Ridgeway,NY
Ridgewood,NJ
Ridley Park,PA
Rifle,CO
Ringwood,NJ
Rio del Mar,CA
Rio Grande City,TX
Rio Linda,CA
Rio Rancho,NM
Ripley,TN
Ripon,WI
Ripon,CA
Rittman,OH
River Edge,NJ
River Falls,WI
River Forest,IL
River Grove,IL
River Oaks,TX
River Ridge,LA
River Rouge,MI
River Vale,NJ
Riverbank,CA
Riverdale,IL
Riverdale,GA
Riverdale,UT
Riverdale Park,MD
Riverhead,NY
Riverhead,NY
Riverside,OH
Riverside,MD
Riverside,IL
Riverside,CA
Riverton,UT
Riverton,WY
Riverton-Boulevard Park,WA
Riverview,FL
Riverview,MI
Riviera Beach,MD
Riviera Beach,FL
Roanoke,AL
Roanoke,VA
Roanoke Rapids,NC
Robbins,IL
Robbinsdale,MN
Robinson,IL
Robinson,TX
Robinson Township,PA
Robstown,TX
Rochelle,IL
Rochester,MN
Rochester,MI
Rochester,IN
Rochester,NY
Rochester,NY
Rochester,NH
Rochester Hills,MI
Rock Falls,IL
Rock Hill,SC
Rock Island,IL
Rock Springs,WY
Rockaway,NJ
Rockcreek,OR
Rockford,IL
Rockingham,NC
Rockland,MA
Rockland,ME
Rockledge,FL
Rocklin,CA
Rockport,MA
Rockport,TX
Rockville,MD
Rockville,CT
Rockville Centre,NY
Rockwall,TX
Rocky Hill,CT
Rocky Mount,NC
Rocky Point,NY
Rocky River,OH
Rodeo,CA
Roeland Park,KS
Rogers,AR
Rohnert Park,CA
Rolla,MO
Rolling Hills Estates,CA
Rolling Meadows,IL
Roma,TX
Rome,NY
Rome,GA
Romeoville,IL
Romulus,MI
Ronkonkoma,NY
Roosevelt,NY
Rosamond,CA
Rosaryville,MD
Roscoe,IL
Rose Hill,VA
Roseburg,OR
Rosedale,MD
Rosedale,CA
Roseland,CA
Roselle,IL
Roselle,NJ
Roselle Park,NJ
Rosemead,CA
Rosemont,CA
Rosemount,MN
Rosenberg,TX
Rosendale,NY
Roseville,MN
Roseville,MI
Roseville,CA
Roslyn Heights,NY
Ross Township,PA
Rossford,OH
Rossmoor,CA
Rossmoor,MD
Rossville,MD
Roswell,GA
Roswell,NM
Rotonda,FL
Rotterdam,NY
Rotterdam,NY
Round Lake Beach,IL
Round Lake Park,IL
Round Rock,TX
Rowland Heights,CA
Rowlett,TX
Roxboro,NC
Roy,UT
Royal Oak,MI
Royal Palm Beach,FL
Royalton,NY
Rubidoux,CA
Ruidoso,NM
Rumford,ME
Rumson,NJ
Runnemede,NJ
Ruskin,FL
Russellville,AR
Russellville,AL
Russellville,KY
Ruston,LA
Rutherford,NJ
Rutland,MA
Rutland,VT
Rye,NY
Rye,NY
Rye Brook,NY
Sachse,TX
Saco,ME
Sacramento,CA
Saddle Brook,NJ
Safety Harbor,FL
Safford,AZ
Saginaw,MI
Saginaw,TX
Saginaw Township North,MI
Saginaw Township South,MI
Saks,AL
Salamanca,NY
Salem,NH
Salem,OH
Salem,OR
Salem,VA
Salem,WI
Salem,MA
Salem,IL
Salem,IN
Salida,CA
Salina,KS
Salina,NY
Salinas,CA
Saline,MI
Salisbury,MA
Salisbury,MD
Salisbury,NY
Salisbury,NC
Sallisaw,OK
Salmon Creek,WA
Salt Lake City,UT
Sammamish,WA
San Angelo,TX
San Anselmo,CA
San Antonio,TX
San Benito,TX
San Bernardino,CA
San Bruno,CA
San Buenaventura,CA
San Carlos,CA
San Carlos Park,FL
San Clemente,CA
San Diego,CA
San Diego Country Estates,CA
San Dimas,CA
San Elizario,TX
San Fernando,CA
San Francisco,CA
San Gabriel,CA
San Jacinto,CA
San Jose,CA
San Juan,TX
San Juan Capistrano,CA
San Leandro,CA
San Lorenzo,CA
San Luis,AZ
San Luis Obispo,CA
San Marcos,CA
San Marcos,TX
San Marino,CA
San Mateo,CA
San Pablo,CA
San Rafael,CA
San Ramon,CA
Sanatoga,PA
Sand Lake,NY
Sand Springs,OK
Sandalfoot Cove,FL
Sandersville,GA
Sandpoint,ID
Sandusky,OH
Sandusky South,OH
Sandwich,IL
Sandwich,MA
Sandy,UT
Sandy Springs,GA
Sanford,FL
Sanford,ME
Sanford,ME
Sanford,NC
Sanger,CA
Sanibel,FL
Sans Souci,SC
Santa Ana,CA
Santa Barbara,CA
Santa Clara,CA
Santa Clarita,CA
Santa Cruz,CA
Santa Fe,NM
Santa Fe,TX
Santa Fe Springs,CA
Santa Maria,CA
Santa Monica,CA
Santa Paula,CA
Santa Rosa,CA
Santee,CA
Sappington,MO
Sapulpa,OK
Saraland,AL
Sarasota,FL
Sarasota Springs,FL
Saratoga,CA
Saratoga Springs,NY
Sartell,MN
Satellite Beach,FL
Saugerties,NY
Saugus,MA
Saugus,MA
Sauk Rapids,MN
Sauk Village,IL
Sault Ste. Marie,MI
Sausalito,CA
Savage,MN
Savage-Guilford,MD
Savannah,GA
Savannah,TN
Sayreville,NJ
Sayville,NY
Scarborough,ME
Scarsdale,NY
Scarsdale,NY
Schaghticoke,NY
Schaumburg,IL
Schenectady,NY
Schererville,IN
Schertz,TX
Schiller Park,IL
Schodack,NY
Schofield Barracks,HI
Schroeppel,NY
Scituate,RI
Scituate,MA
Scotch Plains,NJ
Scotchtown,NY
Scotia,NY
Scott,LA
Scott Lake,FL
Scott Township,PA
Scottdale,GA
Scotts Valley,CA
Scottsbluff,NE
Scottsboro,AL
Scottsburg,IN
Scottsdale,AZ
Scranton,PA
Scriba,NY
Seabrook,NH
Seabrook,TX
Seaford,NY
Seaford,DE
Seagoville,TX
Seal Beach,CA
Searcy,AR
Seaside,CA
SeaTac,WA
Seattle,WA
Seattle Hill-Silver Firs,WA
Sebastian,FL
Sebastopol,CA
Sebring,FL
Secaucus,NJ
Security-Widefield,CO
Sedalia,MO
Sedona,AZ
Sedro-Woolley,WA
Seekonk,MA
Seguin,TX
Selah,WA
Selden,NY
Sellersburg,IN
Selma,AL
Selma,CA
Seminole,FL
Seminole,OK
Senatobia,MS
Seneca,SC
Seneca Falls,NY
Seneca Falls,NY
Setauket-East Setauket,NY
Seven Corners,VA
Seven Hills,OH
Seven Oaks,SC
Severn,MD
Severna Park,MD
Sevierville,TN
Seward,NE
Seymour,TN
Seymour,IN
Seymour,CT
Shady Hills,FL
Shafter,CA
Shaker Heights,OH
Shakopee,MN
Shaler Township,PA
Shamokin,PA
Sharon,PA
Sharon,MA
Sharonville,OH
Shasta Lake,CA
Shawangunk,NY
Shawano,WI
Shawnee,OK
Shawnee,KS
Sheboygan,WI
Sheboygan Falls,WI
Sheffield,AL
Sheffield Lake,OH
Shelburne,VT
Shelby,OH
Shelby,NC
Shelby,MI
Shelbyville,KY
Shelbyville,IN
Shelbyville,TN
Shelton,WA
Shelton,CT
Shelton,CT
Shenandoah,LA
Shepherdsville,KY
Sheridan,WY
Sherman,TX
Sherrelwood,CO
Sherwood,AR
Sherwood,OR
Shields,MI
Shiloh,IL
Shiloh,PA
Shiloh,OH
Shiprock,NM
Shirley,NY
Shirley,MA
Shively,KY
Shoreline,WA
Shoreview,MN
Shorewood,MN
Shorewood,IL
Shorewood,WI
Show Low,AZ
Shreveport,LA
Shrewsbury,MO
Shrewsbury,MA
Sidney,NY
Sidney,NE
Sidney,OH
Sierra Madre,CA
Sierra Vista,AZ
Sierra Vista Southeast,AZ
Siesta Key,FL
Signal Hill,CA
Signal Mountain,TN
Sikeston,MO
Siler City,NC
Siloam Springs,AR
Silsbee,TX
Silver City,NM
Silver Spring,MD
Silver Springs Shores,FL
Silverdale,WA
Silverton,OR
Silvis,IL
Simi Valley,CA
Simpsonville,SC
Simsbury,CT
Sioux Center,IA
Sioux City,IA
Sioux Falls,SD
Sitka and,AK
Skaneateles,NY
Skidaway Island,GA
Skokie,IL
Skowhegan,ME
Skowhegan,ME
Slaton,TX
Sleepy Hollow,NY
Slidell,LA
Smithfield,NC
Smithfield,RI
Smithfield,UT
Smithfield,VA
Smiths,AL
Smithtown,NY
Smithtown,NY
Smyrna,TN
Smyrna,GA
Snellville,GA
Snohomish,WA
Snyder,TX
Socastee,SC
Socorro,NM
Socorro,TX
Soddy-Daisy,TN
Sodus,NY
Solana Beach,CA
Soledad,CA
Solon,OH
Solvay,NY
Somers,NY
Somers,WI
Somers,CT
Somers Point,NJ
Somerset,NJ
Somerset,PA
Somerset,KY
Somerset,MA
Somerset,MA
Somersworth,NH
Somerton,AZ
Somerville,MA
Somerville,NJ
Sonoma,CA
Souderton,PA
Sound Beach,NY
South Amboy,NJ
South Bend,IN
South Berwick,ME
South Boston,VA
South Bradenton,FL
South Burlington,VT
South Charleston,WV
South Cleveland,TN
South Daytona,FL
South El Monte,CA
South Elgin,IL
South Euclid,OH
South Farmingdale,NY
South Gate,MD
South Gate,CA
South Hadley,MA
South Highpoint,FL
South Hill,NY
South Hill,WA
South Holland,IL
South Houston,TX
South Huntington,NY
South Jordan,UT
South Kensington,MD
South Kingstown,RI
South Lake Tahoe,CA
South Laurel,MD
South Lockport,NY
South Lyon,MI
South Miami,FL
South Miami Heights,FL
South Milwaukee,WI
South Monroe,MI
South Ogden,UT
South Orange,NJ
South Oroville,CA
South Park Township,PA
South Pasadena,CA
South Patrick Shores,FL
South Plainfield,NJ
South Portland,ME
South River,NJ
South Salt Lake,UT
South San Francisco,CA
South San Gabriel,CA
South San Jose Hills,CA
South Sioux City,NE
South St. Paul,MN
South Valley,NM
South Venice,FL
South Whittier,CA
South Williamsport,PA
South Windsor,CT
South Yarmouth,MA
South Yuba City,CA
Southampton,NY
Southaven,MS
Southborough,MA
Southbridge,MA
Southbridge,MA
Southbury,CT
Southeast,NY
Southeast Arcadia,FL
Southern Pines,NC
Southfield,MI
Southgate,MI
Southgate,FL
Southglenn,CO
Southington,CT
Southlake,TX
Southold,NY
Southport,NY
Southport,NY
Southside,AL
Southwick,MA
Southwood Acres,CT
Spanaway,WA
Spanish Fork,UT
Spanish Lake,MO
Spanish Springs,NV
SpAR,NV
Sparta,WI
Spartanburg,SC
Spearfish,SD
Speedway,IN
Spencer,IA
Spencer,MA
Spencer,MA
Spokane,WA
Spotswood,NJ
Spring,TX
Spring Creek,NV
Spring Hill,TN
Spring Hill,FL
Spring Lake,NC
Spring Lake Park,MN
Spring Valley,CA
Spring Valley,NV
Spring Valley,NY
Springboro,OH
Springdale,OH
Springdale,NJ
Springdale,AR
Springfield,FL
Springfield,MO
Springfield,MA
Springfield,IL
Springfield,NJ
Springfield,OH
Springfield,OR
Springfield,PA
Springfield,VT
Springfield,TN
Springfield,VA
Springville,UT
St. Albans,VT
St. Albans,WV
St. Andrews,SC
St. Ann,MO
St. Anthony,MN
St. Augustine,FL
St. Charles,MO
St. Charles,IL
St. Charles,MD
St. Clair Shores,MI
St. Cloud,MN
St. Cloud,FL
St. Dennis,KY
St. Francis,WI
St. George,UT
St. Helens,OR
St. James,NY
St. John,IN
St. John,MO
St. Johns,MI
St. Johnsbury,VT
St. Johnsbury,VT
St. Joseph,MI
St. Joseph,MO
St. Louis,MO
St. Louis Park,MN
St. Martin,MS
St. Martinville,LA
St. Marys,GA
St. Marys,PA
St. Marys,OH
St. Matthews,KY
St. Michael,MN
St. Paul,MN
St. Pete Beach,FL
St. Peter,MN
St. Peters,MO
St. Petersburg,FL
St. Rose,LA
St. Simons,GA
St. Stephens,NC
Stafford,TX
Stafford,CT
Stamford,CT
Stamford,CT
Standish,ME
Stanford,CA
Stanton,CA
Starkville,MS
State College,PA
Statesboro,GA
Statesville,NC
Staunton,VA
Stayton,OR
Steamboat Springs,CO
Steger,IL
Steilacoom,WA
Stephenville,TX
Sterling,IL
Sterling,MA
Sterling,CO
Sterling Heights,MI
Steubenville,OH
Stevens Point,WI
Stickney,IL
Stillwater,MN
Stillwater,NY
Stillwater,OK
Stockbridge,GA
Stockton,CA
Stone Mountain,GA
Stonegate,CO
Stoneham,MA
Stoneham,MA
Stonington,CT
Stony Brook,NY
Stony Point,NY
Stony Point,NY
Storm Lake,IA
Storrs,CT
Stoughton,MA
Stoughton,WI
Stow,OH
Stowe Township,PA
Stratford,NJ
Stratford,CT
Stratford,CT
Stratham,NH
Strathmore,NJ
Stratmoor,CO
Streamwood,IL
Streator,IL
Streetsboro,OH
Strongsville,OH
Struthers,OH
Stuart,FL
Stuarts Draft,VA
Sturbridge,MA
Sturgeon Bay,WI
Sturgis,SD
Sturgis,MI
Stuttgart,AR
Suamico,WI
Succasunna-Kenvil,NJ
Sudbury,MA
Sudley,VA
Suffern,NY
Suffield,CT
Suffolk,VA
Sugar Hill,GA
Sugar Land,TX
Sugarmill Woods,FL
Suisun City,CA
Suitland-Silver Hill,MD
Sullivan,MO
Sullivan,NY
Sulphur,LA
Sulphur Springs,TX
Summerfield,NC
Summerville,SC
Summit,NJ
Summit,WA
Summit,IL
Summit Park,UT
Sumner,WA
Sumter,SC
Sun City,CA
Sun City,AZ
Sun City West,AZ
Sun Lakes,AZ
Sun Prairie,WI
Sun Valley,NV
Sunbury,PA
Sunland Park,NM
Sunny Isles Beach,FL
Sunnyside,OR
Sunnyside,WA
Sunnyvale,CA
Sunrise,FL
Sunrise Manor,NV
Sunset,FL
Sunset Hills,MO
Superior,CO
Superior,WI
Surprise,AZ
Susanville,CA
Sussex,WI
Sutherlin,OR
Sutton,MA
Suwanee,GA
Swainsboro,GA
Swampscott,MA
Swampscott,MA
Swansea,IL
Swansea,MA
Swanton,VT
Swanzey,NH
Swarthmore,PA
Sweden,NY
Sweet Home,OR
Sweetwater,TX
Sweetwater,FL
Swissvale,PA
Sycamore,IL
Sylacauga,AL
Sylvania,OH
Syosset,NY
Syracuse,NY
Syracuse,UT
Tacoma,WA
Taft,CA
Tahlequah,OK
Takoma Park,MD
Talladega,AL
Tallahassee,FL
Tallmadge,OH
Tallulah,LA
Tamalpais-Homestead Valley,CA
Tamaqua,PA
Tamarac,FL
Tamiami,FL
Tampa,FL
Tanque Verde,AZ
Tappan,NY
Tarboro,NC
Tarpon Springs,FL
Tarrant,AL
Tarrytown,NY
Taunton,MA
Tavares,FL
Taylor,MI
Taylor,PA
Taylor,TX
Taylor Mill,KY
Taylors,SC
Taylorsville,UT
Taylorville,IL
Teaneck,NJ
Teays Valley,WV
Tecumseh,MI
Tecumseh,OK
Tehachapi,CA
Tell City,IN
Temecula,CA
Tempe,AZ
Temperance,MI
Temple,TX
Temple City,CA
Temple Hills,MD
Temple Terrace,FL
Templeton,MA
Tenafly,NJ
Terrace Heights,WA
Terre Haute,IN
Terrell,TX
Terrytown,LA
Terryville,NY
Tewksbury,MA
Texarkana,TX
Texarkana,AR
TX City,TX
The Colony,TX
The Crossings,FL
The Hammocks,FL
The Pinery,CO
The Village,OK
The Villages,FL
The Woodlands,TX
Theodore,AL
Thermalito,CA
Thibodaux,LA
Thief River Falls,MN
Thomaston,GA
Thomaston,CT
Thomasville,GA
Thomasville,NC
Thompson,NY
Thompson,CT
Thompsonville,CT
Thomson,GA
Thonotosassa,FL
Thornton,CO
Thousand Oaks,CA
Three Lakes,FL
Three Rivers,MI
Tiburon,CA
Tiffin,OH
Tifton,GA
Tigard,OR
Tillmans Corner,AL
Timberlake,VA
Timberlane,LA
Tinley Park,IL
Tinton Falls,NJ
Tipp City,OH
Titusville,PA
Titusville,FL
Tiverton,RI
Tiverton,RI
Toccoa,GA
Toledo,OH
Tolland,CT
Tomah,WI
Tomball,TX
Toms River,NJ
Tonawanda,NY
Tonawanda,NY
Tonawanda,NY
Tooele,UT
Topeka,KS
Toppenish,WA
Topsfield,MA
Topsham,ME
Topsham,ME
Torrance,CA
Torrington,CT
Torrington,CT
Totowa,NJ
"Town n Country",FL
Town and Country,MO
Townsend,MA
Towson,MD
Tracy,CA
Traverse City,MI
Travilah,MD
Treasure Island,FL
Trenton,MI
Trenton,MO
Trenton,NJ
Trenton,OH
Trinidad,CO
Trinity,NC
Trooper,PA
Trophy Club,TX
Trotwood,OH
Troutdale,OR
Troy,OH
Troy,NY
Troy,MO
Troy,MI
Troy,AL
Troy,IL
Truckee,CA
Trumann,AR
Trumbull,CT
Trumbull,CT
Trussville,AL
Truth or Consequences,NM
Tualatin,OR
Tuba City,AZ
Tuckahoe,NY
Tuckahoe,VA
Tucker,GA
Tucson,AZ
Tucson Estates,AZ
Tukwila,WA
Tulare,CA
Tullahoma,TN
Tulsa,OK
Tumwater,WA
Tupelo,MS
Turlock,CA
Turtle Creek,PA
Tuscaloosa,AL
Tuscumbia,AL
Tuskegee,AL
Tustin,CA
Tustin Foothills,CA
Twentynine Palms,CA
Twentynine Palms Base,CA
Twin Falls,ID
Twin Lakes,CO
Twin Rivers,NJ
Twinsburg,OH
Two Rivers,WI
Tyler,TX
Tyngsborough,MA
Tysons Corner,VA
Ukiah,CA
Ulster,NY
Union,SC
Union,NY
Union,MO
Union,NJ
Union Beach,NJ
Union City,NJ
Union City,CA
Union City,GA
Union City,TN
Union Hill-Novelty Hill,WA
Union Park,FL
Uniondale,NY
Uniontown,PA
Universal City,TX
University,FL
University City,MO
University Heights,OH
University Park,TX
University Park,FL
University Park,IL
University Place,WA
Upland,CA
Upper Arlington,OH
Upper Grand Lagoon,FL
Upper Providence Township,PA
Upper Saddle River,NJ
Upper Sandusky,OH
Upper St. Clair,PA
Urbana,OH
Urbana,IL
Urbandale,IA
Utica,NY
Uvalde,TX
Uxbridge,MA
Vacaville,CA
Vadnais Heights,MN
Valdosta,GA
Valinda,CA
Valle Vista,CA
Vallejo,CA
Valley,AL
Valley Center,CA
Valley City,ND
Valley Cottage,NY
Valley Falls,RI
Valley Park,MO
Valley Station,KY
Valley Stream,NY
Valparaiso,IN
Valparaiso,FL
Valrico,FL
Van Buren,AR
Van Buren,NY
Van Wert,OH
Vancouver,WA
Vandalia,OH
Vandalia,IL
Vandenberg AFB,CA
Vashon,WA
Venice,FL
Venice Gardens,FL
Ventnor City,NJ
Veradale,WA
Vermilion,OH
Vermillion,SD
Vernal,UT
Vernon,WI
Vernon,TX
Vernon,CT
Vernon Hills,IL
Vero Beach,FL
Vero Beach South,FL
Verona,NJ
Verona,NY
Verona,WI
Versailles,KY
Vestal,NY
Vestavia Hills,AL
Vicksburg,MS
Victor,NY
Victoria,TX
Victorville,CA
Vidalia,GA
Vidor,TX
Vienna,VA
Vienna,WV
View Park-Windsor Hills,CA
Villa Hills,KY
Villa Park,IL
Village Green-Green Ridge,PA
Village Park,HI
Village St. George,LA
Villas,FL
Villas,NJ
Ville Platte,LA
Vincennes,IN
Vincent,CA
Vineland,NJ
Vineyard,CA
Vinings,GA
Vinita,OK
Vinton,VA
Violet,LA
VA,MN
VA Beach,VA
Visalia,CA
Vista,CA
Volney,NY
Wabash,IN
Waco,TX
Waconia,MN
Wade Hampton,SC
Wading River,NY
Wadsworth,OH
Waggaman,LA
Wagoner,OK
Wahiawa,HI
Wahpeton,ND
Waianae,HI
Waihee-Waiehu,HI
Wailuku,HI
Waimalu,HI
Waimea,HI
Waipahu,HI
Waipio,HI
Waite Park,MN
Wake Forest,NC
Wakefield,MA
Wakefield,MA
Wakefield-Peacedale,RI
Walden,NY
Waldorf,MD
Waldwick,NJ
Walker,MI
Walker Mill,MD
Walla Walla,WA
Walled Lake,MI
Waller,WA
Wallingford,CT
Wallingford Center,CT
Wallington,NJ
Wallkill,NY
Walnut,CA
Walnut Creek,CA
Walnut Grove,WA
Walnut Park,CA
Walpole,MA
Waltham,MA
Walworth,NY
Wanaque,NJ
Wantagh,NY
Wapakoneta,OH
Wappinger,NY
Ware,MA
Ware,MA
Wareham,MA
Warner Robins,GA
Warr Acres,OK
Warren,PA
Warren,RI
Warren,AR
Warren,MI
Warren,OH
Warrensburg,MO
Warrensville Heights,OH
Warrenton,VA
Warrenville,IL
Warrington,FL
Warsaw,IN
Warwick,NY
Warwick,NY
Warwick,RI
Wasco,CA
Waseca,MN
WA,MO
WA,NJ
WA,OH
WA,NC
WA,IN
WA,IA
WA,IL
WA,PA
WA,UT
WA,WI
WA,WA
WA Terrace,UT
WA Township,NJ
	{city: Washington,DC
Washougal,WA
Watauga,TX
Waterboro,ME
Waterbury,CT
Waterbury,CT
Waterford,CT
Waterford,CA
Waterford,MI
Waterford,NY
Waterloo,NY
Waterloo,IL
Waterloo,IA
Watertown,CT
Watertown,NY
Watertown,MA
Watertown,SD
Watertown,WI
Waterville,ME
Watervliet,NY
Watsonville,CA
Wauconda,IL
Waukegan,IL
Waukesha,WI
Waukesha,WI
Waunakee,WI
Waupun,WI
Wausau,WI
Wauseon,OH
Wauwatosa,WI
Waveland,MS
Waverly,MI
Waverly,IA
Wawarsing,NY
Wawayanda,NY
Waxahachie,TX
Waycross,GA
Wayland,MA
Wayne,MI
Wayne,NJ
Waynesboro,VA
Waynesboro,PA
Waynesville,NC
Weare,NH
Weatherford,OK
Weatherford,TX
Webb City,MO
Webster,MA
Webster,MA
Webster,NY
Webster,TX
Webster City,IA
Webster Groves,MO
Weddington,NC
Weigelstown,PA
Weirton,WV
Wekiwa Springs,FL
Welby,CO
Welcome,SC
Wellesley,MA
Wellesley,MA
Wellington,FL
Wellington,KS
Wells,ME
Wells Branch,TX
Wellston,OH
Wellsville,NY
Wenatchee,WA
Wentzville,MO
Weslaco,TX
West Allis,WI
West and East Lealman,FL
West Athens,CA
West Babylon,NY
West Bend,WI
West Bloomfield Township,MI
West Boylston,MA
West Bridgewater,MA
West Caldwell,NJ
West Carrollton City,OH
West Carson,CA
West Chester,PA
West Chicago,IL
West Columbia,SC
West Covina,CA
West Des Moines,IA
West Fargo,ND
West Frankfort,IL
West Freehold,NJ
West Gate,VA
West Glens Falls,NY
West Goshen,PA
West Hartford,CT
West Hartford,CT
West Hattiesburg,MS
West Haven,CT
West Haven,CT
West Haven-Sylvan,OR
West Haverstraw,NY
West Helena,AR
West Hempstead,NY
West Hollywood,CA
West Islip,NY
West Jordan,UT
West Lafayette,IN
West Lake Stevens,WA
West Linn,OR
West Little River,FL
West Livingston,TX
West Long Branch,NJ
West Melbourne,FL
West Memphis,AR
West Mifflin,PA
West Milford,NJ
West Modesto,CA
West Monroe,LA
West NY,NJ
West Norriton,PA
West Odessa,TX
West Orange,NJ
West Palm Beach,FL
West Paterson,NJ
West Pensacola,FL
West Perrine,FL
West Plains,MO
West Point,NY
West Point,MS
West Point,UT
West Puente Valley,CA
West Richland,WA
West Sacramento,CA
West Seneca,NY
West Seneca,NY
West Slope,OR
West Springfield,VA
West Springfield,MA
West Springfield,MA
West St. Paul,MN
West University Place,TX
WVlley,WA
WVlley City,UT
West Vero Corridor,FL
West View,PA
West Warwick,RI
West Warwick,RI
West Whittier-Los Nietos,CA
West Yarmouth,MA
Westborough,MA
Westbrook,CT
Westbrook,ME
Westbury,NY
Westchase,FL
Westchester,FL
Westchester,IL
Westerly,RI
Westerly,RI
Western Springs,IL
Westerville,OH
Westfield,MA
Westfield,NJ
Westfield,IN
Westford,MA
Westgate-Belvedere Homes,FL
Westlake,OH
Westlake Village,CA
Westland,MI
Westmere,NY
Westminster,MA
Westminster,CA
Westminster,CO
Westminster,MD
Westmont,IL
Westmont,CA
Westmoreland,NY
Weston,CT
Weston,FL
Weston,MA
Weston,WI
Westport,MA
Westport,CT
Westport,CT
Westview,FL
Westwego,LA
Westwood,MA
Westwood,MI
Westwood,NJ
Westwood Lakes,FL
Wethersfield,CT
Wethersfield,CT
Weymouth,MA
Weymouth,MA
Wharton,NJ
Wharton,TX
Wheat Ridge,CO
Wheatfield,NY
Wheaton,IL
Wheaton-Glenmont,MD
Wheelersburg,OH
Wheeling,IL
Wheeling,WV
White Bear Lake,MN
White Center,WA
White Horse,NJ
White House,TN
White Marsh,MD
White Meadow Lake,NJ
White Oak,OH
White Oak,MD
White Oak,PA
White Plains,NY
White Rock,NM
White Settlement,TX
Whitefish Bay,WI
Whitehall,PA
Whitehall,OH
Whitestown,NY
Whitewater,WI
Whitinsville,MA
Whitman,MA
Whitmore Lake,MI
Whitney,NV
Whittier,CA
Wichita,KS
Wichita Falls,TX
Wickliffe,OH
Wilbraham,MA
Wildomar,CA
Wildwood,MO
Wilkes-Barre,PA
Wilkins Township,PA
Wilkinsburg,PA
Willard,OH
Williamsburg,FL
Williamsburg,VA
Williamson,NY
Williamsport,PA
Williamstown,NJ
Williamstown,MA
Willimantic,CT
Williston,ND
Williston,VT
Williston Park,NY
Willmar,MN
Willoughby,OH
Willoughby Hills,OH
Willow Grove,PA
Willow Street,PA
Willowbrook,CA
Willowbrook,IL
Willowick,OH
Willows,CA
Wilmette,IL
Wilmington,MA
Wilmington,DE
Wilmington,OH
Wilmington,NC
Wilmington,MA
Wilmington Island,GA
Wilmington Manor,DE
Wilna,NY
Wilson,NC
Wilson,PA
Wilsonville,OR
Wilton,NY
Wilton,CT
Wilton Manors,FL
Winchendon,MA
Winchester,MA
Winchester,NV
Winchester,CT
Winchester,MA
Winchester,KY
Winchester,TN
Winchester,VA
Windemere,TX
Winder,GA
Windham,ME
Windham,CT
Windham,NH
Windsor,NY
Windsor,CT
Windsor,CO
Windsor,CA
Windsor Locks,CT
Windsor Locks,CT
Winfield,KS
Winfield,IL
Winnemucca,NV
Winnetka,IL
Winona,MN
Winooski,VT
Winslow,ME
Winslow,ME
Winslow,AZ
Winsted,CT
Winston,FL
Winston-Salem,NC
Winter Garden,FL
Winter Gardens,CA
Winter Haven,FL
Winter Park,FL
Winter Springs,FL
Winters,CA
Winthrop,ME
Winthrop,MA
Winthrop,MA
Winthrop Harbor,IL
Winton,CA
WI Rapids,WI
Wixom,MI
Woburn,MA
Wolcott,CT
Wolf Trap,VA
Wolfeboro,NH
Wonder Lake,IL
Wood Dale,IL
Wood River,IL
Wood-Ridge,NJ
Woodbourne-Hyde Park,OH
Woodbridge,NJ
Woodbridge,CT
Woodbridge,VA
Woodburn,OR
Woodbury,CT
Woodbury,NJ
Woodbury,MN
Woodbury,NY
Woodbury,NY
Woodcrest,CA
Woodfield,SC
Woodhaven,MI
Woodinville,WA
Woodlake,CA
Woodland,CA
Woodland Park,CO
Woodlawn,MD
Woodlawn,MD
Woodlyn,PA
Woodmere,LA
Woodmere,NY
Woodmoor,CO
Woodmore,MD
Woodridge,IL
Woods Cross,UT
Woodstock,GA
Woodstock,IL
Woodstock,CT
Woodstock,NY
Woodward,OK
Woodway,TX
Woonsocket,RI
Wooster,OH
Worcester,MA
Worth,IL
Worthington,MN
Worthington,OH
Wrentham,MA
Wright,FL
Wright-Patterson AFB,OH
Wyandanch,NY
Wyandotte,MI
Wyckoff,NJ
Wylie,TX
Wyndham,VA
Wynne,AR
WY,OH
WY,MI
Wyomissing,PA
Wytheville,VA
Xenia,OH
Yakima,WA
Yankton,SD
Yardville-Groveville,NJ
Yarmouth,ME
Yarmouth,MA
Yazoo City,MS
Yeadon,PA
Yeehaw Junction,FL
Yonkers,NY
Yorba Linda,CA
York,NE
York,ME
York,PA
York,SC
Yorketown,NJ
Yorkshire,VA
Yorktown,NY
Yorktown Heights,NY
Yorkville,IL
Youngstown,OH
Ypsilanti,MI
Yreka,CA
Yuba City,CA
Yucaipa,CA
Yucca Valley,CA
Yukon,OK
Yulee,FL
Yuma,AZ
Zachary,LA
Zanesville,OH
Zephyrhills,FL
Zion,IL
Zionsville,IN
Zuni Pueblo,NM